Name,RA_Simbad,DEC_Simbad
AB Dra,19 49 06.5316904125,+77 44 23.339425388
AB Nor,15 49 15.48        ,-43 04 48.7        
AC Cnc,08 44 27.1122164614,+12 52 31.996499274
AD Men,06 04 30.8368654322,-71 25 22.016320218
AE Aqr,20 40 09.1598509019,-00 52 15.057042857
AF Cam,03 32 15.4984110287,+58 47 22.147947191
AG Hya,09 50 29.7536535380,-23 45 17.377164386
AH Eri,04 22 38.1233693310,-13 21 30.442167682
AH Her,16 44 10.0057072570,+25 15 01.944744669
AH Men,06 11 43.95        ,-81 49 22.7        
AH Pic,05 57 12.5506063614,-59 35 25.935039541
AI Tri,02 03 48.6152251668,+29 59 25.898735063
AK Cnc,08 55 21.1858057127,+11 18 15.081700252
AL Com,12 32 25.7949185878,+14 20 42.320230643
AM CVn,12 34 54.6230046722,+37 37 44.120772480
AM Cas,02 26 23.3508133676,+71 18 31.618402316
AM Her,18 16 13.2546541781,+49 52 04.759861155
AN UMa,11 04 25.6556953228,+45 03 13.941355292
AO Oct,21 05 08.23        ,-75 21 01.8        
AO Psc,22 55 17.9860142780,-03 10 39.982033015
AP Cru,12 31 20.4373433182,-64 26 25.150942135
AQ CMi,07 14 34.79        ,+08 48 05.5        
AQ Eri,05 06 13.1059762610,-04 08 07.248206468
AQ Men,05 07 53.7702497214,-79 51 23.049476569
AR And,01 45 03.2725931249,+37 56 33.240837624
AR Cir,14 48 09.5309695951,-60 00 27.438663522
AR Cnc,09 22 07.5640315319,+31 03 14.425158782
AR UMa,11 15 44.5894046553,+42 58 22.427873664
AT Ara,17 30 33.8216991623,-46 05 58.772107144
AT Cnc,08 28 36.9271145666,+25 20 03.045657226
AW Gem,07 22 41.0         ,+28 30 17          
AW Sge,19 58 37.0703957991,+16 41 28.327578767
AX Cap,20 08 56.96        ,-17 16 37.6        
AY Lyr,18 44 26.6875614864,+37 59 51.939927351
AY Psc,01 36 55.4597220842,+07 16 29.273237337
V* V349 Aqr,22 38 43.8306697898,+01 08 20.710444481
BB Dor,05 29 28.5850788827,-58 54 46.184997516
BC UMa,11 52 15.8339091437,+49 14 41.883635263
BD Pav,18 43 11.9137300371,-57 30 44.865196738
BE Oct,00 00 48.9371054411,-77 18 57.782359239
BF Ara,17 38 21.3277669690,-47 10 41.550154856
BF Eri,04 39 29.9447987640,-04 35 58.869484952
BG CMi,07 31 29.0080158732,+09 56 23.029183793
BH Lyn,08 22 36.0477126559,+51 05 24.558776170
BI Ori,05 23 51.7715783164,+01 00 30.625511962
BK Lyn,09 20 11.2020573736,+33 56 42.355127908
BL Hyi,01 41 00.3995669445,-67 53 27.469105974
BO Cet,02 06 39.2728779551,-02 03 42.590321045
BP Lyn,09 03 08.8824258597,+41 17 47.563345120
BR Lup,15 35 53.1486868970,-40 34 06.075136324
BT Mon,06 43 47.2416393083,-02 01 13.877487108
BV Cen,13 31 19.5106066705,-54 58 33.654781044
BV Pup,07 49 05.2533774977,-23 34 00.394950823
BW Scl,23 53 00.8739237163,-38 51 46.659560093
BX Pup,07 54 15.5733881689,-24 19 36.403959122
BY Cam,05 42 48.8013255299,+60 51 31.375887904
BY Cir,14 44 53.55        ,-63 53 55.4        
BZ Cam,06 29 33.9598585876,+71 04 36.392469723
BZ Cir,14 54 15.1881499637,-68 16 18.632386616
BZ UMa,08 53 44.1734051661,+57 48 40.595271757
CC Cnc,08 36 19.1533490816,+21 21 05.425763569
CC Scl,23 15 31.8595503456,-30 48 47.671755524
CD Ind,21 15 41.0456943110,-58 40 54.060875785
CE Gru,21 37 56.38        ,-43 42 13.1        
CF Gru,21 41 22.96        ,-45 04 31.0        
CG CMa,07 04 05.0455191574,-23 45 34.639857254
CG Dra,19 07 32.7669374187,+52 58 28.419648952
CH UMa,10 07 00.7219578828,+67 32 47.507173639
CI Aql,18 52 03.5647265171,-01 28 39.191180908
CI Gem,06 30 05.86        ,+22 18 50.7        
CI Gru,21 33 06.79        ,-42 28 51.5        
CI UMa,10 18 13.0031632699,+71 55 42.969649121
CM Del,20 24 56.9279733276,+17 17 54.279333180
CM Phe,00 21 33.1735182987,-51 42 34.646504131
CN Ori,05 52 07.7840511235,-05 25 00.542923401
CN Vel,11 02 38.6578055895,-54 23 09.492618651
CP Cru,12 10 31.3699905539,-60 14 47.193579017
CP Dra,10 15 39.84        ,+73 26 05.0        
CP Eri,03 10 32.76        ,-09 45 05.3        
CP Lac,22 15 41.1032698353,+55 37 01.322546558
CP Pup,08 11 46.0634990913,-35 21 04.986286529
CP Tuc,23 15 19.10        ,-59 10 28.3        
CR Boo,13 48 55.1859261603,+07 57 35.927051968
CT Hya,08 51 07.3935336495,+03 08 34.358028477
CT Ser,15 45 39.0751738590,+14 22 31.758953863
CU Vel,08 58 33.0345432876,-41 47 51.730674304
CV Hyi,01 32 43.38        ,-65 54 37.3        
CW Mon,06 36 54.5809874602,+00 02 17.285853925
CY Lyr,18 52 41.3791476281,+26 45 31.441974996
CY UMa,10 56 56.9968984256,+49 41 18.198527698
CZ Aql,19 19 58.2039118937,-07 10 55.235385232
CZ Ori,06 16 43.2247028462,+15 24 11.297178349
DD Cir,14 23 23.41        ,-69 08 45.2        
DH Aql,19 26 10.8184000799,-10 15 30.184256483
DI Lac,22 35 48.4952966889,+52 42 59.640075678
DI UMa,09 12 16.1938983103,+50 53 53.959796825
DK Lac,22 49 46.9314859439,+53 17 19.799282044
DM Dra,15 34 12.1797628437,+59 48 32.037733572
DM Gem,06 44 12.05        ,+29 56 41.9        
DM Lyr,18 58 44.43        ,+30 15 33.0        
DN Gem,06 54 54.3492892481,+32 08 27.924684752
DO Aql,19 31 25.91        ,-06 25 38.3        
DO Dra,11 43 38.4924789768,+71 41 20.559348288
DO Leo,10 40 51.2355803268,+15 11 33.699245065
DO Vul,19 52 10.6         ,+19 34 44          
DP Leo,11 17 15.9238061197,+17 57 41.680410866
DQ Her,18 07 30.2510755201,+45 51 32.564649735
DV Dra,18 17 23.10        ,+50 48 18.1        
DV Sco,16 50 27.9023184819,-28 07 58.361741791
DV UMa,09 46 36.5963748517,+44 46 44.685642641
DW Cnc,07 58 53.0399476790,+16 16 45.171023042
DW UMa,10 33 52.8751166936,+58 46 54.719916520
DX And,23 29 46.6839033611,+43 45 04.034386165
DY Pup,08 13 48.4784220644,-26 33 56.768935057
EF Eri,03 14 13.2527107604,-22 35 42.917018996
EF Peg,21 15 04.1026724023,+14 03 49.335194049
EF Tuc,00 01 55.1033419416,-67 07 43.332898506
EG Aqr,23 25 19.1949546968,-08 18 19.113093571
EG Cnc,08 43 03.9868348725,+27 51 49.696061650
EI Psc,23 29 54.2149131154,+06 28 11.597690024
EI UMa,08 38 21.9952271575,+48 38 02.163591536
EK TrA,15 14 01.47        ,-65 05 32.1        
EK UMa,10 51 35.1581989706,+54 04 36.103337325
EL UMa,10 55 06.9992218380,+36 59 45.728780002
EM Cyg,19 38 40.1105232999,+30 30 28.313972620
EN Cet,00 27 28.0195819967,-01 08 28.655943928
EP Dra,19 07 06.1869434379,+69 08 43.874477498
EQ Cet,01 28 52.5444761914,-23 39 43.961138249
ER UMa,09 47 11.9407998149,+51 54 08.950836060
ES Cet,02 00 52.2360462965,-09 24 31.645113651
ES Dra,15 25 31.8170110264,+62 00 59.943846143
EU Cnc,08 51 27.1761643646,+11 46 56.989331964
EU UMa,11 49 55.7011764219,+28 45 07.291989143
EV UMa,13 07 53.8583243765,+53 51 30.498937628
EX Dra,18 04 14.2486747659,+67 54 12.271788519
EX Hya,12 52 24.2220533405,-29 14 56.001981146
EY Cyg,19 54 36.7419691331,+32 21 55.087332328
EZ Del,20 25 22.4212852593,+15 46 00.228281593
FH UMa,10 47 09.88        ,+63 35 13.6        
FL TrA,16 30 36.50        ,-61 50 28.2        
FO And,01 15 32.1564359017,+37 37 35.560818765
FO Aql,19 16 38.1695120181,+00 07 37.020255198
FO Aqr,22 17 55.3796324299,-08 21 03.755362145
FO Per,04 08 34.9796294203,+51 14 48.144043712
FQ Mon,07 16 41.24        ,-06 56 48.5        
FS Aur,05 47 48.3599787736,+28 35 11.208489049
FT Cam,03 21 14.3230017125,+61 05 26.574473964
FY Per,04 41 56.6368873281,+50 42 36.032055618
GG Leo,10 15 34.6778640025,+09 04 41.987298295
GI Mon,07 26 47.1066355111,-06 40 29.706608941
GK Per,03 31 12.0096626899,+43 54 15.467450081
GO Com,12 56 37.0932236776,+26 36 43.240170999
GP Com,13 05 42.4008232413,+18 01 03.765282516
GQ Mus,11 52 02.35        ,-67 12 20.2        
GR Ori,05 21 35.20        ,+01 10 08.6        
GS Pav,20 08 07.6207358110,-69 48 58.761431962
GW Lib,15 19 55.3336459070,-25 00 24.613958659
GX Cas,00 49 01.5032436110,+56 52 43.582373008
GY Cnc,09 09 50.5407240020,+18 49 47.429782142
GY Hya,14 30 30.4714098452,-25 52 37.988136920
GZ Cnc,09 15 51.6412261580,+09 00 49.218211411
HH Cnc,09 16 50.7589764777,+28 49 43.276908671
HL Aqr,22 20 26.9273984400,+02 00 53.375490165
HL CMa,06 45 17.2108904787,-16 51 34.545309152
HO Del,20 36 55.4809637567,+14 03 09.409887276
HP Lib,15 35 53.0716707077,-14 13 12.217891145
HQ Mon,07 11 33.7380961867,+00 52 06.663908220
HR Del,20 42 20.3467536529,+19 09 39.304605595
HS Cam,07 19 14.5151105423,+65 57 44.305352490
HS Pup,07 53 24.8921254615,-31 38 50.564073397
HS Vir,13 43 38.4379234208,-08 14 03.888786346
HT Cam,07 57 01.3365989918,+63 06 02.000878897
HT Cas,01 10 13.1213309510,+60 04 35.489284826
HU Aqr,21 07 58.1945403160,-05 17 40.557984218
HV And,00 40 55.34        ,+43 24 59.3        
HV Aur,04 53 16.8649892043,+38 16 28.616887807
HV Vir,13 21 03.1665682309,+01 53 29.071215583
HX Peg,23 40 23.6982622737,+12 37 41.710323288
HY Eri,05 01 46.4090493582,-03 59 20.568882497
HZ Pup,08 03 22.8479474796,-28 28 28.558173892
IL Vul,20 38 33.0         ,+22 42 17          
IM Eri,04 24 41.1074015967,-20 07 11.759672063
IM Nor,15 39 26.465       ,-52 19 17.99       
IP Peg,23 23 08.5362716048,+18 24 59.206210572
IR Com,12 39 32.0196855388,+21 08 06.264521557
IR Gem,06 47 34.6826729749,+28 06 22.335444864
IW And,01 01 08.9069821068,+43 23 25.791261612
IX Dra,18 12 31.4708407404,+67 04 45.823783565
IX Vel,08 15 18.9691696308,-49 13 20.669663769
IY UMa,10 43 56.7486759841,+58 07 31.917125704
KK Tel,20 28 38.5092290989,-52 18 45.184870997
KL Dra,19 24 38.28        ,+59 41 46.7        
KO Vel,10 15 58.35        ,-47 58 10.8        
KP Cas,00 38 54.7954770131,+61 13 00.016198123
KQ Mon,07 31 21.1284371667,-10 21 49.397867880
KR Aur,06 15 43.9180386147,+28 35 08.574183087
KS UMa,10 20 26.5187197673,+53 04 33.088109985
KT Per,01 37 08.7947323898,+50 57 20.396805365
KV And,02 17 13.81        ,+40 41 30.8        
KV Dra,14 50 38.3286394733,+64 03 28.998917206
KX Aql,19 33 53.686       ,+14 17 47.30       
KZ Gem,06 53 02.7465565509,+16 39 49.897905665
LL And,00 41 51.47        ,+26 37 20.9        
LL Lyr,18 35 12.8191967583,+38 20 04.346785407
LN UMa,10 04 34.7251695494,+66 29 15.049578615
LQ Peg,21 36 19.1178186415,+11 40 54.378039499
LS Cam,05 57 23.9921745249,+72 41 52.428040517
LS Peg,21 51 57.9372002301,+14 06 53.267732979
LU Cam,05 58 17.8723907014,+67 53 46.054564955
LW Cam,07 04 10.0271008898,+62 03 27.946830538
LX And,02 19 44.0899770654,+40 27 22.333965884
LX Ser,15 38 00.0940371086,+18 52 03.246645222
LY Hya,13 31 53.8843527366,-29 40 59.087424985
LZ Mus,11 56 09.274       ,-65 34 20.18       
1H 1025+220,09 14 14.0304327709,-06 47 44.778666536
MM Hya,17 30 45.67        ,-42 11 40.1        
MM Sco,20 23 38.1857801048,+64 36 26.584302578
MN Dra,09 29 07.10        ,-24 05 05.4        
MN Hya,15 52 47.1969313042,+18 56 28.845524001
MR Ser,09 25 46.0017213799,-47 58 17.339989324
MR Vel,12 12 53.8780773083,-44 28 16.025943153
MU Cen,19 07 16.2886975947,+44 01 07.867270712
MV Lyr,15 13 02.2953663849,+23 15 08.408371450
NY Ser,23 04 37.4245965946,+49 27 23.859316992
OR And,14 35 00.2223280080,-00 46 06.261311447
OU Vir,16 40 50.452       ,-52 25 47.99       
OY Ara,10 06 22.0792108747,-70 14 04.582997921
OY Car,02 29 29.5674908029,+40 02 39.816740823
PQ And,19 53 06.6678196302,+12 59 00.745825696
PQ Aql,07 51 17.3278781437,+14 44 23.875020784
PQ Gem,18 08 04.5         ,+38 46 16          
PR Her,00 40 24.28        ,+41 04 03.5        
PT And,06 40 47.6858436938,-24 23 13.891973670
PU CMa,02 42 16.16        ,+35 40 46.6        
PU Per,02 42 53.4034529327,+38 04 03.299011716
PV Per,19 26 05.06        ,+27 21 58.8        
PW Vul,00 30 05.8083590217,+26 17 26.438854924
PX And,02 50 00.1476660428,+37 39 22.197391211
PY Per,21 41 43.9276952364,+42 50 29.039173205
Q Cyg,20 05 41.9088490597,+22 39 58.839371205
QQ Vul,00 19 49.9252841335,+21 56 52.166609264
QR And,19 38 35.8145594082,-46 12 57.107614734
QS Tel,11 05 42.4860917672,-68 37 58.231655042
QU Car,20 26 45.94        ,+27 50 42.2        
QU Vul,15 26 13.9669815749,+08 18 02.501064868
QW Ser,03 15 36.8424615163,+42 28 14.099194935
QY Per,05 28 34.0777158013,+33 18 21.777186372
QZ Aur,15 56 54.4739950450,+21 07 19.082928416
QZ Ser,13 26 23.44        ,-82 19 43.4        
RR Cha,06 35 36.0633947411,-62 38 24.292758747
RR Pic,04 53 25.46        ,-42 13 39.6        
RS Cae,11 08 06.63        ,-61 56 04.6        
RS Car,02 46 07.4997231238,-63 35 46.264828062
RU Hor,10 02 07.4602027762,+33 51 00.228092586
RU LMi,22 14 02.5507273174,+12 42 11.275480341
RU Peg,10 19 56.6224113828,-08 41 56.104268706
RW Sex,02 25 36.1555561414,+28 05 50.893091344
RW Tri,16 47 54.75        ,+77 02 12.2        
RW UMi,01 04 35.5373041151,+41 17 57.783687786
RX And,10 28 00.0805743180         ,+21 48 13.569556154
RX Cha,10 36 26.2129524414,-80 02 47.984552237
RX Vol,08 39 32.06        ,-66 17 39.5        
RY Ser,17 23 07.1837395461,-12 48 09.737128526
RZ Gru,22 47 12.0062857561,-42 44 38.722376815
RZ LMi,09 51 48.9263455186,+34 07 23.968904524
RZ Leo,11 37 22.2523056583,+01 48 58.617841432
RZ Sge,20 03 18.47616     ,+17 02 51.9432     
SS Aur,06 13 22.4341940496,+47 44 25.346818461
SS Cyg,21 42 42.8034554117,+43 35 09.863763484
SS LMi,10 34 05.4294697831,+31 08 08.318271239
SS UMi,15 51 22.3401100743,+71 45 11.834268824
ST Cha,10 47 15.6123460937,-79 28 06.861373920
ST LMi,11 05 39.7662126421,+25 06 28.744817170
SU UMa,08 12 28.2694633475,+62 36 22.428029272
SV Ari,03 25 03.57        ,+19 49 53.9        
SV CMi,07 31 08.4042331850,+05 58 48.370510663
SW Sex,10 15 09.3650789592,-03 08 32.962346997
SW UMa,08 36 42.7494852536,+53 28 37.976353343
SX LMi,10 54 30.4184953396,+30 06 10.358997006
SY Cnc,09 01 03.3196276716,+17 53 56.031352233
T Aur,05 31 59.1179548200,+30 26 45.033734428
T Pyx,09 04 41.5062068236,-32 22 47.503345173
TT Ari,02 06 53.0797667881,+15 17 41.849759579
TT Boo,14 57 44.7550274249,+40 43 40.691526116
TT Crt,11 34 47.1766985214,-11 45 30.370184613
TT Tri,01 31 59.8601931735,+29 49 22.059569425
TU Crt,11 03 36.5727921475,-21 37 45.662120307
TU Men,04 41 40.7062108407,-76 36 45.940466299
TU Tri,01 39 15.3268890108,+31 24 19.237528339
TV Col,05 29 25.5292527066,-32 49 03.900974253
TV Crv,12 20 24.15        ,-18 27 02.0        
TW Pic,05 34 50.5864710889,-58 01 40.767221479
TW Tri,01 36 37.0049069661,+32 00 40.026528716
TW Vir,11 45 21.1712747240,-04 26 05.778821560
TX Col,05 43 20.17        ,-41 01 54.3        
TY PsA,22 49 39.9046847942,-27 06 53.138810237
TY Psc,01 25 39.3571482315,+32 23 08.895318080
TY Vul,20 41 43.9         ,+25 35 10          
TZ Per,02 13 50.9628232047,+58 22 52.309133551
U Gem,07 55 05.2323858391,+22 00 05.045435077
U Leo,10 24 03.8630865145,+14 00 25.194372102
U Sco,16 22 30.7782086963,-17 52 43.162570042
UU Aql,19 57 18.7657735308,-09 19 21.064479670
UU Aqr,22 09 05.7611667934,-03 46 17.688400697
UU Col,05 12 13.2336376173,-32 41 39.746182397
UV Gem,06 38 44.0         ,+18 16 12          
UV Per,02 10 08.2724810517,+57 11 20.870511174
UW Pic,05 31 35.6477522850,-46 24 04.963331426
UW Tri,02 45 17.29        ,+33 31 26.3        
UX UMa,13 36 40.9533414077,+51 54 49.424110262
UY Pup,07 46 31.2401198871,-12 57 08.996922824
UZ Boo,14 44 01.2110601160,+22 00 54.790288273
UZ For,03 35 28.6515678221,-25 44 21.765602833
UZ Ser,18 11 24.90        ,-14 55 33.9        
V1006 Cyg,19 48 47.1958182970,+57 09 22.398331556
V1007 Her,17 24 06.32        ,+41 14 10.1        
V1017 Sgr,18 32 04.4737964965,-29 23 12.593546512
V1025 Cen,12 38 16.3192991908,-38 42 45.842752382
V1028 Cyg,20 00 56.59        ,+56 56 37.2        
V1033 Cen,11 41 22.86        ,-64 10 14.4        
V1039 Cen,13 55 41.27        ,-64 15 57.9        
V1040 Cen,11 55 27.2596267299,-56 41 56.292855575
V1043 Cen,13 13 17.1149265773,-32 59 12.447259360
V1047 Aql,19 51 31.06        ,+10 57 21.8        
V1059 Sgr,19 01 50.5564009719,-13 09 41.863775755
V1062 Tau,05 02 27.4781389386,+24 45 23.157011296
V1082 Sgr,19 07 21.8655835677,-20 46 50.531895104
V1101 Aql,20 13 04.0124061861,+15 35 46.112450715
V1113 Cyg,19 22 41.9764656306,+52 43 59.238197043
V1141 Aql,19 37 09.81        ,+02 36 00.5        
V1159 Ori,05 28 59.5675682576,-03 33 52.283089971
V1174 Sgr,18 01 37           ,-28 44.4           
V1186 Sco,17 12 51.21        ,-30 56 37.2        
V1193 Ori,05 16 26.6715179335,-00 12 14.309520962
V1195 Oph,17 00 21.67        ,-20 53 34.4        
V1208 Tau,04 59 44.0381486341,+19 26 22.808295939
V1212 Tau,03 51 56.99        ,+25 25 27.6        
V1223 Sgr,18 55 02.3109253503,-31 09 49.589704079
V1251 Cyg,21 40 54.40        ,+48 39 43.3        
V1309 Ori,05 15 41.4123841919,+01 04 40.479107028
V1315 Aql,19 13 54.5309857214,+12 18 03.237989331
V1316 Cyg,20 12 12.6855822804,+42 45 53.268861435
V1363 Cyg,20 06 11.5278249566,+33 42 37.681666503
V1425 Aql,19 05 26.67        ,-01 42 14.0        
V1432 Aql,19 40 11.4198615379,-10 25 25.771354347
V1454 Cyg,19 53 38.5         ,+35 21 45          
V1493 Aql,19 07 36.90        ,+12 31 26.2        
V1494 Aql,19 23 05.30        ,+04 57 19.1        
V1500 Cyg,21 11 36.5811336631,+48 09 01.950330133
V1504 Cyg,19 28 56.4512410076,+43 05 37.077434745
V1668 Cyg,21 42 35.22        ,+44 01 54.9        
V1776 Cyg,20 23 30.5190095041,+46 31 29.437737900
V1974 Cyg,20 30 31.61        ,+52 37 51.3        
V2051 Oph,17 08 19.0875545832,-25 48 31.695764973
V2069 Cyg,21 23 44.8214789115,+42 18 01.634189326
V2176 Cyg,19 27 11.7242135248,+54 17 50.825521848
V2214 Oph,17 12 01.58        ,-29 37 33.3        
V2274 Cyg,20 07 17.94        ,+36 04 37.2        
V2275 Cyg,21 03 01.9562008424,+48 45 53.112383286
V2289 Cyg,19 34 36.08        ,+51 07 42.2        
V2301 Oph,18 00 35.5318080632,+08 10 13.920659251
V2306 Cyg,19 58 14.4693308282,+32 32 42.002218648
V2400 Oph,17 12 36.4232271717,-24 14 44.775129023
V2527 Oph,17 22 03.99        ,-19 49 08.1        
V2540 Oph,17 37 34.41        ,-16 23 17.9        
V2574 Oph,17 38 45.49        ,-23 28 18.5        
V337 Cyg,19 59 52.9346897505,+39 13 59.719821478
V344 Lyr,18 44 39.1748774868,+43 22 28.051486081
V344 Ori,06 15 18.9472237531,+15 30 59.371221828
V344 Pav,19 16 09.6825503895,-62 35 51.870254480
V345 Pav,19 35 42.9075023554,-59 08 22.712080996
V347 Pav,18 44 48.2635326025,-74 18 34.218756613
V347 Pup,06 10 33.6585438847,-48 44 25.363237509
V348 Pup,07 12 32.9098616258,-36 05 38.581905875
V349 Pav,20 08 55.8720627683,-65 27 43.502458879
V351 Pup,08 11 38.38        ,-35 07 30.4        
V358 Lyr,18 59 32.95        ,+42 24 12.2        
V359 Cen,11 58 15.3250400005,-41 46 08.544514321
V363 Aur,05 33 33.4591303805,+36 59 32.474128763
V363 Lyr,19 08 51.5883192437,+43 00 31.277920625
V364 Peg,21 12 29.67        ,+12 32 04.4        
V365 Car,11 03 16.7648484187,-58 27 25.045630380
V367 Peg,22 45 00.7447582872,+16 55 13.253490364
V368 Aql,19 26 34.4601516502,+07 36 13.812602548
V368 Peg,22 58 43.4811738543,+11 09 12.048868013
V368 Per,02 47 32.70        ,+34 58 27.4        
V369 Peg,23 03 41.8138361756,+17 17 55.005185788
V373 Sct,18 55 26.71        ,-07 43 05.5        
V378 Peg,23 40 04.2918025466,+30 17 47.379574199
V380 Oph,17 50 13.6260028700,+06 05 29.235071730
V381 Vel,10 16 59.0109340871,-41 03 44.236779893
V382 Vel,10 44 48.39        ,-52 25 30.7        
V388 Peg,21 57 32.3260046103,+08 55 15.074610880
V3885 Sgr,19 47 40.5289527355,-42 00 26.397656394
V392 Hya,10 58 56.4235374578,-29 14 40.761905210
V393 Hya,11 00 17.4526202384,-29 51 59.014515553
V393 Pav,19 57 11.5514948867,-57 38 22.431219139
V394 CrA,18 00 25.97        ,-39 00 35.1        
V396 Hya,13 12 46.4403299058,-23 21 32.601548727
V400 Per,03 07 38.12        ,+47 07 38.9        
V402 And,00 11 07.3         ,+30 32 36          
V405 Aur,05 57 59.2933859041,+53 53 44.925664551
V405 Vul,19 53 04.92        ,+21 14 49.0        
V407 Vul,19 14 26.09        ,+24 56 44.6        
V4077 Sgr,18 34 39.41        ,-26 26 02.9        
V4140 Sgr,19 58 49.7022483148,-38 56 13.225654759
V419 Lyr,19 10 13.91        ,+29 06 14.0        
V425 Cas,23 03 46.6580438884,+53 17 14.863094817
V426 Oph,18 07 51.6921098903,+05 51 47.802415954
V433 Ara,17 00 05.9941361446,-57 51 52.473196494
V436 Car,07 44 57.9398160725,-52 57 13.721724167
V436 Cen,11 14 00.0570888106,-37 40 47.764345437
V442 Cen,11 24 51.9051020095,-35 54 36.726586797
V442 Oph,17 32 15.1362979611,-16 15 22.067845629
V445 Pup,07 37 56.8797662756,-25 56 58.836792684
V446 Her,18 57 21.5917264330,+13 14 29.319279140
V447 Lyr,19 00 19.91        ,+44 27 45.0        
V452 Cas,00 52 18.0062985216,+53 51 50.149290370
V4579 Sgr,18 03 37.89        ,-28 00 08.9        
V4633 Sgr,18 21 40.49        ,-27 31 37.3        
V4738 Sgr,20 22 37.69        ,-39 54 08.6        
V4742 Sgr,18 02 21.86        ,-25 20 32.2        
V4743 Sgr,19 01 09.38        ,-22 00 05.9        
V4745 Sgr,18 40 02.54        ,-33 26 55.1        
V478 Her,17 21 05.6184307905,+23 39 36.689131038
V485 Cen,12 57 23.1807451670,-33 12 05.745406224
V496 Aur,07 27 52.23        ,+40 46 52.5        
V500 Aql,19 52 27.84        ,+08 28 46.4        
V503 Cyg,20 27 17.3992310371,+43 41 22.503129197
V504 Cen,14 12 49.0691831725,-40 21 36.846704272
V5113 Sgr,18 10 10.42        ,-27 45 35.2        
V5116 Sgr,18 17 50.77        ,-30 26 31.3        
V513 Cas,00 18 14.9155201336,+66 18 13.654082548
V516 Cyg,20 47 09.7893452651,+41 55 26.481647846
V516 Lyr,19 20 35.725       ,+37 44 52.29       
V516 Pup,08 03 45.5996781096,-47 48 44.149249572
V523 Lyr,19 21 07.402       ,+37 47 56.53       
V533 Her,18 14 20.4845602013,+41 51 22.070248280
V542 Cyg,19 49 10.4773766823,+58 31 59.345448632
V544 Her,16 38 05.3897458589,+08 37 58.453398640
V550 Cyg,20 05 04.9317626320,+32 21 22.624080569
V551 Sgr,18 00 56.48        ,-34 35 45.6        
V574 Pup,07 41 53.76        ,-27 06 36.9        
V584 Lyr,19 10 59.41        ,+28 56 38.7        
V585 Lyr,19 13 58.47        ,+40 44 09.1        
V587 Lyr,19 17 26.4564787912,+37 10 40.675538832
V589 Her,16 22 07.1556096952,+19 22 36.650242718
V591 Cen,12 42 18.0941956640,-33 34 09.766684087
V592 Cas,00 20 52.2230642582,+55 42 16.233043666
V592 Her,16 30 56.400       ,+21 16 58.49       
V603 Aql,18 48 54.6369118792,+00 35 02.855110952
V611 Her,16 44 49.4336278230,+19 59 40.011879857
V617 Sgr,18 07 50.8974693468,-35 10 25.119230585
V630 Cas,23 48 51.9181789921,+51 27 39.166360796
V630 Cyg,21 34 59.1803955282,+40 40 18.529920975
V630 Sgr,18 08 48.25        ,-34 20 21.4        
V632 Cyg,21 36 04.2150789050,+40 26 19.390210705
V660 Her,17 42 09.1619966574,+23 48 29.729206500
V663 Ara,16 46 57.71        ,-55 41 21.2        
V697 Sco,17 51 21.83        ,-37 24 55.2        
V699 Oph,16 25 14.7837102306,-04 40 25.833185712
V701 Tau,03 44 01.9         ,+21 57 08          
V705 Cas,23 41 47.19        ,+57 30 59.5        
V709 Cas,00 28 48.8268573576,+59 17 22.032796584
V723 Cas,01 05 05.3607495884,+54 00 40.237067501
V725 Aql,19 56 45.06        ,+10 49 32.3        
V726 Sgr,18 19 33.69        ,-26 53 19.6        
V728 Sco,17 39 13.2398837309,-45 28 45.681446411
V729 Sgr,19 16 49.0992922486,-26 14 33.707728140
V731 Cas,23 57 00.28        ,+56 45 08.3        
V751 Cyg,20 52 12.7784292502,+44 19 26.087626178
V792 Cyg,19 31 00.9857327945,+33 47 03.845629267
V794 Aql,20 17 33.9157230491,-03 39 50.961851201
V795 Cyg,19 34 34.0869964830,+31 32 11.967188210
V795 Her,17 12 56.1686428004,+33 31 19.239210099
V803 Cen,13 23 44.5334901172,-41 44 29.260966080
V811 Cyg,19 48 23.3016955907,+36 26 23.250631916
V823 Cyg,20 01 49.27        ,+36 07 24.5        
V825 Her,17 18 36.9999402002,+41 15 51.154423343
V825 Sco,17 49 53.7847133400,-33 32 13.021331674
V834 Cen,14 09 07.2853539143,-45 17 16.015131476
V838 Her,18 46 31.56        ,+12 14 00.7        
V841 Oph,16 59 30.3745002409,-12 53 27.137639551
V842 Cen,14 35 52.5682041151,-57 37 35.390187763
V844 Her,16 25 01.7474119287,+39 09 26.360781273
V849 Her,16 35 45.7199867698,+11 24 58.064322017
V849 Oph,18 14 07.17        ,+11 36 42.7        
V877 Ara,17 16 52.7711725151,-65 32 47.484884396
V884 Her,18 02 06.4847972931,+18 04 43.840285332
V893 Sco,16 15 14.9806097394,-28 37 32.113976203
V895 Cen,14 29 27.1968999776,-38 04 09.582441495
V909 Sgr,18 25 52.3         ,-35 01 27          
V972 Oph,17 34 44.448       ,-28 10 35.39       
V992 Sco,17 07 17.4571808314,-43 15 21.903522688
V999 Sgr,18 00 05.59        ,-27 33 14.0        
VV Pup,08 15 06.8010742098,-19 03 17.765651066
VW CrB,16 00 03.6982650796,+33 11 14.245936843
VW Hyi,04 09 11.3966476826,-71 17 41.555169342
VW Vul,20 57 45.0623349495,+25 30 25.695835880
VX For,03 26 45.71        ,-34 26 25.2        
VY Aqr,21 12 09.2516769018,-08 49 36.776018749
VY For,03 32 04.6047173996,-25 56 55.056342110
VY Scl,23 29 00.4711137193,-29 46 45.980626470
VZ Aqr,21 30 24.6233346783,-02 59 17.617339655
VZ Pyx,08 59 19.8386846907,-24 28 55.256214912
VZ Scl,23 50 09.2550905092,-26 22 52.701879982
WW Cet,00 11 24.7725920913,-11 28 43.204274910
WW Hor,02 36 11.45        ,-52 19 13.5        
WX Ari,02 47 36.2221981356,+10 35 37.723110379
WX Cen,13 12 52.3763099360,-63 23 45.850925314
WX Cet,01 17 04.17        ,-17 56 23.0        
WX Hyi,02 09 50.8239743875,-63 18 39.830688329
WX LMi,10 26 27.4935083792,+38 45 02.654772807
WX Pyx,08 33 05.7636195407,-22 48 31.980759704
WY Sge,19 32 43.819       ,+17 44 55.86       
WY Tri,02 25 00.47        ,+32 59 55.8        
WZ Sge,20 07 36.5036203067,+17 42 14.733657651
X Leo,09 51 01.4656610861,+11 52 31.249937999
X Ser,16 19 17.6862905727,-02 29 29.527844354
XX Tau,05 19 24.467       ,+16 43 01.02       
XY Ari,02 56 08.185       ,+19 26 34.12       
XZ Eri,04 11 25.76        ,-15 23 24.3        
YZ Cnc,08 10 56.6513272947,+28 08 33.259393864
Z Cam,08 25 13.1988897787,+73 06 39.284432670
Z Cha,08 07 27.7421647579,-76 32 00.679589237
AP CrB                                                           ,15 54 12.3454788903,+27 21 52.288656834
AR Pic                                                           ,05 49 45.4109090575,-49 21 56.300586603
AX For                                                           ,02 19 27.9953475569,-30 45 45.819085100
AY For                                        ,02 42 34.8         ,-28 02 43          
BB Ari                                                           ,02 44 57.7772421826,+27 31 09.180502936
BC Dor                                                           ,05 46 14.9654006956,-68 35 23.810406150
BG Ari                                                           ,01 51 51.8724366873,+14 00 47.172031083
BM CrB                                                           ,15 41 04.6699788248,+36 02 52.842874783
BS Tri                                                           ,02 09 29.8097438682,+28 32 29.148038102
BT CrB                                                           ,15 56 56.9256814624,+35 23 36.657085987
CS Ind                                                           ,21 59 54.5576692988,-68 50 36.635901722
CW Hyi                                                           ,02 30 51.1492190239,-68 42 05.439635529
DI Phe                                        ,23 54 20.4         ,-47 00 20          
DT Oct                                                           ,18 40 52.4027422049,-83 43 09.999523837
DT Pyx                                           ,09 18 58.50        ,-29 42 37.0        
EG Lyn                                           ,08 20 50.97        ,+49 34 31.3        
EQ Lyn                                                           ,07 45 31.9386690165,+45 38 29.743181853
EU Lyn                                                           ,07 52 40.4514761660,+36 28 23.199330756
EV Lyn                                                           ,07 54 43.0104255518,+50 07 29.098229723
EZ Lyn                                                           ,08 04 34.2191501584,+51 03 49.367636054
FH Lyn                                                           ,08 13 21.9188365207,+45 28 09.273481995
FI Cet                                           ,01 51 18.59        ,-02 23 00.1        
FL Cet                                                           ,01 55 43.4035546376,+00 28 07.157100597
FL Lyn                                                           ,08 24 09.7316329684,+49 31 24.523891717
FL Psc                                                           ,00 25 11.1124409470,+12 17 12.386745725
FR Lyn                                                           ,08 54 14.0231231038,+39 05 37.359025189
FZ Cet                                        ,01 42 25.2         ,-22 15 57          
GD 552                                                           ,22 50 39.9585471609,+63 28 38.333079055
GS Cet                                                           ,00 50 50.8726917028,+00 09 12.501229661
GY Cet                                                           ,01 31 32.3909328899,-09 01 22.324528691
GZ Cet                                                           ,01 37 01.0695814391,-09 12 34.719192930
HM Cnc                                                           ,08 06 22.9519582696,+15 27 31.007381265
HM Leo                                                           ,09 38 36.9804409754,+07 14 55.125230984
HO Cet                                        ,02 33 21.4         ,-10 47 05          
HP Cet                                                           ,02 33 22.6016893265,+00 50 59.597993967
HU Leo                                                           ,09 24 44.4786024744,+08 01 51.005758948
HY Leo                                                           ,09 46 34.4705286598,+13 50 57.849294677
HY Psc                                                           ,23 03 51.6365159497,+01 06 51.166210477
IW Eri                                           ,04 25 55.24        ,-19 45 30.1        
KY Eri                                             ,03 10 51.666       ,-07 55 00.29       
V704 And                                                           ,23 44 57.5113958238,+43 31 22.263672873
LT Eri                                                           ,04 07 14.7816713667,-06 44 25.164770630
LV Cnc                                                           ,09 19 45.1186719328,+08 57 10.093562334
LY UMa                                                           ,10 48 18.0061204292,+52 18 29.800872750
Lanning 386                                           ,21 08 34.03        ,+39 05 35.3        
Lanning 420                                           ,22 02 43.10        ,+59 03 20.5        
MQ D058                                                           ,A: 15 53 31.1194029,+55 16 14.478728017
MR UMa                                                           ,11 31 22.3981948680,+43 22 38.477897657
MT Com                                           ,12 55 10.65        ,+26 42 26.3        
MT Dra                                                           ,A: 18 46 58.7963755,+55 38 28.765596114
MU Cam                                                           ,06 25 16.2520524762,+73 34 39.104874988
CRTS J233848.7+281955                                                           ,23 38 48.6784997003,+28 19 54.998855964
PB   195                                                           ,10 23 20.2784770865,+44 05 09.857060154
NY Lup                                                           ,15 48 14.5960047636,-45 28 39.918343697
NZ Boo                                                           ,15 02 41.0004962586,+33 34 24.003688271
OV Boo                                                           ,15 07 22.3705926422,+52 30 39.807033923
OV D313                                                           ,A: 12 50 23.8541133,+66 55 25.475121796
OZ D784                                                           ,A: 13 27 23.3832700,+65 28 54.312174230
PU UMa                                                           ,09 01 03.9388708186,+48 09 11.066389137
PZ Vir                                                           ,13 24 11.5588595574,+03 20 50.504327335
QT Aqr                                                           ,20 59 14.8733910004,-06 12 20.458742008
SDSS J210014.12+004446.0                                                           ,21 00 14.1123694519,+00 44 46.000484188
QV Aqr                                                           ,21 04 49.9442974745,+01 05 45.764989070
QZ Lib                                                           ,15 36 15.9750548965,-08 39 07.534277461
QZ Vir                                                           ,11 38 26.8240425768,+03 22 07.110214355
V1033 Cas                                                           ,00 22 57.6446745715,+61 41 07.570544184
V1084 Her                                                           ,16 43 45.6973087857,+34 02 39.545024426
V1108 Her                                                 ,18 39 26.19216     ,+26 04 08.7852     
V1189 Her                                                           ,16 29 36.5308448913,+26 35 19.632572114
SDSS J165359.06+201010.4                                                           ,16 53 59.0600699773,+20 10 10.403929945
V1229 Her                                                           ,16 56 58.1247153044,+21 21 39.379591490
V1237 Her                                                           ,17 00 53.2967506721,+40 03 57.807475785
V1239 Her                                                           ,17 02 13.2466307450,+32 29 54.158773442
V1258 Cen                                                           ,13 00 29.0622260014,-30 52 56.953193443
V1294 Tau                                                           ,04 00 37.2550232837,+06 22 45.917064376
V1323 Her                                                           ,18 03 39.6643567211,+40 12 20.266605309
V2690 Oph                                                           ,16 37 22.2133481034,-00 19 57.117918200
V2731 Oph                                           ,17 30 21.50        ,-05 59 33.5        
V342 Cam                                                           ,04 23 32.8345501088,+74 52 50.037845263
V351 UMa                                                           ,12 44 26.2805176238,+61 35 14.611851159
V355 UMa                                                           ,13 39 41.1393945102,+48 47 27.466656359
V358 Aqr                                                           ,23 16 03.6189820807,-05 27 08.916249824
V386 Ser                                                           ,16 10 33.6288972865,-01 02 23.209951458
V391 Cam                                                           ,05 32 33.8649195608,+62 47 52.125642480
V405 Peg                                                           ,23 09 49.1426536138,+21 35 17.176816858
V406 Hya                                                           ,09 05 54.7498123851,-05 36 08.482127031
V406 Vir                                                           ,12 38 13.7338474960,-03 39 32.965693473
V418 Gem                                                           ,07 04 08.6690661945,+26 25 10.767757487
V418 Ser                                                           ,15 14 53.6390660167,+02 09 34.601784845
V434 Gem                                                           ,07 48 13.5314790521,+29 05 09.080036744
V453 Nor                                           ,16 00 47.43        ,-48 46 07.6        
V455 And                                                           ,23 34 01.4485468687,+39 21 40.866526351
V479 And                                                           ,00 18 56.9330180725,+34 54 44.233190974
V482 Cam                                                           ,07 33 41.4125399360,+67 32 15.629885096
V489 Ser                                                           ,15 55 31.9965141790,-00 10 55.061446376
V493 Ser                                                           ,15 56 44.2353190604,-00 09 50.215538264
V495 Hya                                                           ,08 44 00.0999462325,+02 39 19.342163373
V498 Vul                                             ,19 59 51.283       ,+22 42 32.13       
V519 Ser                                                           ,16 10 07.5050782337,+03 52 32.770289185
V521 Peg                                                           ,22 21 44.7931141813,+18 40 08.200211087
V524 Hya                                                           ,09 20 09.5447841303,+00 42 44.929595126
V558 Vir                                                           ,14 27 01.5904311460,-01 23 10.224938451
V5627 Sgr                                                           ,18 01 56.2568387747,-27 22 56.161533028
V572 And                                           ,02 22 16.40        ,+41 22 59.9        
V598 Peg                                                           ,23 33 25.9215015296,+15 22 22.156064002
V647 Aur                                        ,06 36 32.5         ,+35 35 43          
V654 Aur                                                           ,07 29 10.6854718145,+36 58 38.246414854
V713 Cep                                                           ,20 46 38.6772465985,+60 38 03.102358008
V728 C849                                                           ,A: 17 59 16.5024282,-42 35 06.685682151
VV Equ                                             ,21 16 05.436       ,+11 34 07.29       
VZ Sex                                                           ,09 44 31.6824200550,+03 58 05.308838856
J1039.7-0507                                                           ,10 39 46.9916449426,-05 06 58.312159372
YZ LMi                             ,09 26 38.7243250350,+36 24 02.463164875
AX J1832.3-0840,18 32 19.3118731287,-08 40 30.249335406
2XMM J003941.0+005427                                                            ,00 39 41.0682701952,+00 54 27.693835520
2SLAQ J004335.13-003729.7                                                            ,00 43 35.1341063056,-00 37 29.852591323
V* V744 And                                                            ,01 29 40.0646985004,+38 42 10.442374016
RX J0153.3+7446                                                            ,01 53 21.0107193369,+74 46 22.017412363
RX J0154.0-5947                                                            ,01 54 00.9316334950,-59 47 49.095341966
2MASS J03541032-1652499                                                            ,03 54 10.3094205046,-16 52 50.035258866
RX J0425.6-5714                                                            ,04 25 38.6075199684,-57 14 36.210122720
NAME Paloma                                                            ,05 24 30.4642271134,+42 44 50.461233137
RX J0649.8-0737                                                            ,06 49 50.9207107367,-07 37 40.884089066
2MASS J07381772+2855198                                                            ,07 38 17.7420530768,+28 55 19.725068801
CRTS J074640.6+173412                                                            ,07 46 40.6201925625,+17 34 12.804051705
RX J0749.1-0549                                                            ,07 49 10.4005922206,-05 49 25.454295289
SDSS J075939.79+191417.3                                                            ,07 59 39.7852238802,+19 14 17.253277417
CRTS J080304.0+251628                                                            ,08 03 03.9047463572,+25 16 26.965288678
2MASS J08084617+3131060                                                            ,08 08 46.1919353816,+31 31 05.975366719
HS 0805+3822                                                            ,08 09 08.3947719363,+38 14 06.205726674
2MASS J08125686+1911579                                                            ,08 12 56.8553628239,+19 11 57.850155371
2MASS J08135201+2813174                                                            ,08 13 52.0201694679,+28 13 17.306979394
SDSS J081610.84+453010.2                                                            ,08 16 10.8307314609,+45 30 10.153132163
SDSS J083751.00+383012.5                                                            ,08 37 51.0095164361,+38 30 12.602634939
CRTS J083845.2+491055                                                            ,08 38 45.2311912417,+49 10 55.359053445
SDSS J083931.35+282824.0                                                            ,08 39 31.3501118388,+28 28 24.129672850
RX J0859.1+0537                                                            ,08 59 09.1822368473,+05 36 54.593134878
US 2109                                                            ,09 00 16.5562070547,+43 01 18.208328066
SDSS J090350.72+330036.1                                                            ,09 03 50.7257811462,+33 00 36.110240022
SDSS J090403.49+035501.2                                                            ,09 04 03.4823723892,+03 55 01.263363222
SDSS J091127.36+084140.8                                                            ,09 11 27.3580054409,+08 41 40.828381212
SDSS J092229.26+330743.6                                                            ,09 22 29.2584761465,+33 07 43.557757662
US  691                                                            ,09 32 49.5713658688,+47 25 22.831369981
RX J0953.1+1458                                                            ,09 53 08.2017555838,+14 58 36.451478681
1RXS J100211.4-192534                                            ,10 02 11.71        ,-19 25 37.5        
RX J1007.5-2017                                                            ,10 07 34.6534874108,-20 17 32.448845919
USNO-A2.0 1350-07734381                                                            ,10 13 23.6381611816,+45 58 58.890587883
ASAS J102522-1542.4                                            ,10 25 22.21        ,-15 42 21.7        
SDSS J103533.02+055158.4                                                            ,10 35 33.0223106272,+05 51 58.347085513
LP  731-60                                                            ,10 50 10.8033679538,-14 04 36.759700652
CRTS J110014.7+131552                                                            ,11 00 14.7206407587,+13 15 52.208802839
2QZ J112555.7-001638                                                            ,11 25 55.7112156192,-00 16 38.556755980
SDSS J113215.50+624900.4                                                            ,11 32 15.5088854752,+62 49 00.475055654
1SDSS J114628.80+675909.7                                                            ,11 46 28.8054236400,+67 59 09.625428467
SDSS J120231.01+450349.1                                                            ,12 02 31.0104237164,+45 03 49.096534119
SDSS J121607.03+052013.9                                                            ,12 16 07.0386994174,+05 20 13.946943347
SDSS J122740.82+513925.0                                                            ,12 27 40.8195380624,+51 39 24.963686611
2QZ J124058.0-015920                                                            ,12 40 58.0261678020,-01 59 19.186253289
2QZ J130441.7+010330                                                            ,13 04 41.7661982998,+01 03 30.812216089
SDSS J141118.31+481257.6                                                            ,14 11 18.3211338976,+48 12 57.515403663
SGT2004 J141312.24-652014.0                                            ,14 13 12.24        ,-65 20 14.0        
PCV2006 ULX 42                                            ,14 13 12.24        ,-65 20 14.0        
2QZ J142256.3-022108                                                            ,14 22 56.3146804079,-02 21 07.986695458
2QZ J142438.9-022739                                            ,14 24 38.94        ,-02 27 39.3        
SDSS J142955.86+414516.8                                              ,14 29 55.864       ,+41 45 16.87       
2XMM J144659.9+025330                                                            ,14 46 59.9560027151,+02 53 30.393367784
USNO-A2.0 1350-08528489                                                            ,14 57 58.2258004039,+51 48 07.852947463
SDSS J150137.22+550123.4                                                            ,15 01 37.2166022131,+55 01 23.285304922
EQ 1502+09                                                            ,15 04 41.7658494079,+08 47 52.567883342
CRTS J153634.4+332852                                                            ,15 36 34.4248463430,+33 28 51.893099892
SDSS J153817.33+512338.0                                                            ,15 38 17.3353623540,+51 23 37.978008677
SDSS J155252.48+320150.9                                                            ,15 52 52.4801964755,+32 01 51.018437025
CRTS J162830.8+240259                                                            ,16 28 30.8950821580,+24 02 59.117771421
SDSS J165837.70+184727.4                                                            ,16 58 37.7052257920,+18 47 27.328791058
2MASS J16595166+1927454                                                            ,16 59 51.6843916626,+19 27 45.608128322
SDSS J173008.38+624754.7                                                            ,17 30 08.3651485241,+62 47 54.671348581
RX J1745.5-2905                                            ,17 45 32.79        ,-29 05 52.3        
OGLE J180507.09-274309.2                                            ,18 05 07.07        ,-27 43 09.0        
NAME COM Star1                                              ,18 23 40.803       ,-30 21 34.90       
Cl* NGC 6624     SC       1                                              ,18 23 40.914       ,-30 21 36.36       
ALMA J182340.892-302138.56                                                ,18 23 40.8936      ,-30 21 38.571      
ALMA J182341.1181-302135.733                                                ,18 23 41.1181      ,-30 21 35.733      
OGLE BLG-DN-1057                                              ,18 36 24.696       ,-23 54 35.60       
RX J1951.7+3716                                                            ,19 51 47.4965635643,+37 16 47.760799315
SDSS J204448.92-045928.8                                                            ,20 44 48.9225306286,-04 59 28.809793120
2SLAQ J204720.76+000007.7                                                            ,20 47 20.7665616344,+00 00 07.718158990
SDSS J204827.91+005008.9                                                            ,20 48 27.9158851502,+00 50 08.959289384
1SDSS J204817.85-061044.8                                                            ,20 48 17.8490061642,-06 10 44.759173999
RX J2133.7+5107                                                            ,21 33 43.6347819631,+51 07 24.730222487
CRTS J220554.0+115554                                                            ,22 05 53.9740667452,+11 55 53.698006776
2QZ J222416.2-292421                                                            ,22 24 16.2691007808,-29 24 21.676714344
SDSS J223439.93+004127.2                                                            ,22 34 39.9296426865,+00 41 27.312371556
2QZ J225647.8-274325                                                            ,22 56 47.8453368675,-27 43 25.263352899
PB  7412                                                            ,22 58 31.1815235770,-09 49 31.653465215
2MASS J23375921+4308509                           ,23 37 59.2138667625,+43 08 51.029970963
HS 0139+0559                                                            ,01 41 39.9218208682,+06 14 37.495344987
HS 0220+0603                                                            ,02 23 01.6664832410,+06 16 49.638525927
HS 0229+8016                                                            ,02 35 58.2098796678,+80 29 44.284972887
HS 0455+8315                                                            ,05 06 48.2812301031,+83 19 23.253989917
HS 0506+7725                                                            ,05 13 36.5689890507,+77 28 42.782067452
DCM91 0506+77 X3                                      ,05 13 37           ,+77 28.7           
2E 0506.1+7725                                         ,05 13 37.4         ,+77 28 44          
HS 0642+5049                                                            ,06 46 19.6075225843,+50 45 49.209645333
KUV 07589+4019                                                            ,08 02 15.3895673817,+40 10 47.127548717
HS 0922+1333                                         ,09 24 56.1         ,+13 20 52          
V* QS UMa                                                            ,09 32 14.8307143747,+49 50 54.691403932
HS 1813+6122                                                            ,18 14 29.8298032572,+61 23 34.391102435
EC 21178-5417                                                            ,21 21 26.5341088967,-54 04 34.627945611
SDSS J214354.60+124458.0                                                            ,21 43 54.6021221147,+12 44 57.849408552
MCT 2347-3144                                            ,23 50 30.62        ,-31 27 33.4        
KDA2008 32                                              ,00 24 03.646       ,-72 05 04.15       
Cl* NGC  104    EGG V8                                              ,00 24 03.464       ,-72 05 05.20       
IRAS 00218-7221                                         ,00 24 03.3         ,-72 05 04          
KDA2008 66                                              ,00 24 04.299       ,-72 05 05.01       
KDA2008 36                                              ,00 24 04.171       ,-72 05 02.45       
LML2014 100154                                                ,00 24 04.1256      ,-72 05 07.161      
LML2014 100136                                                ,00 24 02.8066      ,-72 05 05.427      
MSS2012 46                                              ,00 24 03.003       ,-72 05 07.31       
2MASS J00240279-7205033                                                  ,00 24 02.79600     ,-72 05 03.3864     
Cl* NGC  104    EGG V19                                              ,00 24 04.345       ,-72 05 01.35       
MSS2012 30                                              ,00 24 02.733       ,-72 05 02.80       
HJV94  8                                         ,00 24 04.7         ,-72 05 04          
SDSS J160745.02+362320.7,16 07 45.0118838183,+36 23 20.737524863
SDSS J215411.13-090121.7,21 54 11.1278334150,-09 01 21.654811991
Cl* NGC 5904 SAW V101,15 18 14.46,+02 05 35.2
2MASS J19105123-5957526,19 10 51.236,-59 57 52.63
CXOGlb J002403.1-720447                                             ,00 24 03.083        ,-72 04 47.28       
[MSS2012] 75                                             ,00 24 03.401        ,-72 04 46.83       
CXOGlb J002402.8-720449                                             ,00 24 02.806        ,-72 04 49.04       
2MASS J00240317-7204507                                                           ,00 24 03.1673780500 ,-72 04 50.671132984
[GHE2001] W302                                             ,00 24 03.036        ,-72 04 43.81       
CXOGlb J002402.5-720444                                             ,00 24 02.522        ,-72 04 44.24       
[MSS2012] 27                                             ,00 24 03.781        ,-72 04 44.70       
CXOGlb J002403.4-720451                                             ,00 24 03.494        ,-72 04 51.94       
CXOGlb J002402.1-720450                                             ,00 24 02.226        ,-72 04 50.63       
CXOGlb J002404.8-720446                                             ,00 24 04.902        ,-72 04 46.19       
CXOGlb J002405.2-720446                                             ,00 24 05.216        ,-72 04 46.59       
Cl* NGC  104    EGG V14                                     ,00 24 05            ,-72 04.8           
Cl* NGC  104    EGG V16                                     ,00 24 05            ,-72 04.8           
Cl* NGC  104    EGG V15                                     ,00 24 05            ,-72 04.8           
[MSS2012] 37                                                 ,00 24 04.62192      ,-72 04 46.2216     
[LML2014] 100110                                               ,00 24 05.0885       ,-72 04 44.792      
[KDA2008] 47                                             ,00 24 04.623        ,-72 04 47.95       
[GHE2001] W202                                             ,00 24 05.006        ,-72 04 43.60       
Cl* NGC  104    MAM    bet                                           ,00 24 04.61         ,-72 04 49.7        
Cl* NGC  104    DPF    1166                                             ,00 24 05.649        ,-72 04 44.36       
CXOGlb J002404.2-720443                                             ,00 24 04.276        ,-72 04 43.52       
Cl* NGC  104    EGG V7                                               ,00 24 04.9480       ,-72 04 51.168      
[GHE2001] W32                                             ,00 24 05.716        ,-72 04 49.44       
Cl* NGC  104    EGG V46                                               ,00 24 05.7776       ,-72 04 49.139      
CXOGlb J002404.9-720451                                             ,00 24 05.007        ,-72 04 51.27       
[MSS2012] 80                                             ,00 24 05.685        ,-72 04 43.37       
Cl* NGC  104    DPF    1286                                             ,00 24 05.921        ,-72 04 45.20       
[MSS2012] 61                                             ,00 24 05.814        ,-72 04 43.74       
Cl* NGC  104  AGBWF  2-48                                           ,00 24 15.83         ,-72 04 35.8        
CXOGlb J002415.8-720436                                             ,00 24 15.880        ,-72 04 36.38       
[MSS2012] 50                                                           ,00 24 15.6676550652 ,-72 04 34.302727339
Cl* NGC  104    MFF    2271                                                           ,00 24 15.1566611820 ,-72 04 36.445462420
Cl* NGC  104  AGBWF  2-10                                               ,00 24 15.5759       ,-72 04 33.326      
CXOGlb J002415.2-720433                                             ,00 24 15.203        ,-72 04 33.26       
Cl* NGC  104   GYSB     938                                             ,00 24 15.868        ,-72 04 40.67       
CXOGlb J002411.0-720620                                             ,00 24 11.090        ,-72 06 20.04       
CXOGlb J002407.9-720454                                             ,00 24 07.924        ,-72 04 54.75       
[KDA2008] 84                                             ,00 24 07.678        ,-72 04 55.88       
[KDA2008] 79                                             ,00 24 08.240        ,-72 04 53.58       
[KDA2008] 29                                             ,00 24 07.933        ,-72 04 57.06       
Cl* NGC  104    DPF    2128                                             ,00 24 07.999        ,-72 04 52.15       
CXOGlb J002407.2-720454                                             ,00 24 07.281        ,-72 04 54.79       
[KDA2008] 73                                             ,00 24 08.222        ,-72 04 52.19       
[KDA2008] 26                                             ,00 24 07.456        ,-72 04 57.08       
CXOGlb J002408.5-720456                                             ,00 24 08.530        ,-72 04 56.26       
Cl* NGC  104    MAM    del                                                           ,00 24 07.2300838638 ,-72 04 54.579352636
[GHE2001] W197                                             ,00 24 08.021        ,-72 04 51.28       
CXOGlb J002407.8-720458                                             ,00 24 07.812        ,-72 04 58.40       
CXOGlb J002407.1-720452                                             ,00 24 07.171        ,-72 04 52.76       
Cl* NGC  104    EGG V24                                             ,00 24 07.224        ,-72 04 57.39       
Cl* NGC  104    DPF    2732                                             ,00 24 08.245        ,-72 04 58.74       
[KDA2008] 38                                             ,00 24 07.375        ,-72 04 51.13       
[FBS2016] NGC104 EM3                                                           ,00 24 08.3323816726 ,-72 04 50.667033452
CXOGlb J002407.6-720450                                             ,00 24 07.551        ,-72 04 50.37       
[KDA2008] 6                                             ,00 24 08.459        ,-72 04 50.58       
Cl* NGC  104  AGBWF  2-48                                           ,00 24 15.83         ,-72 04 35.8        
CXOGlb J002415.8-720436                                             ,00 24 15.880        ,-72 04 36.38       
[MSS2012] 50                                                           ,00 24 15.6676550652 ,-72 04 34.302727339
Cl* NGC  104    MFF    2271                                                           ,00 24 15.1566611820 ,-72 04 36.445462420
Cl* NGC  104  AGBWF  2-10                                               ,00 24 15.5759       ,-72 04 33.326      
CXOGlb J002415.2-720433                                             ,00 24 15.203        ,-72 04 33.26       
Cl* NGC  104   GYSB     938                                             ,00 24 15.868        ,-72 04 40.67       
[MSS2012] 79                                             ,00 24 06.714        ,-72 05 10.49       
CXOGlb J002406.9-720509                                             ,00 24 06.918        ,-72 05 09.90       
CXOGlb J002406.8-720512                                             ,00 24 06.869        ,-72 05 12.29       
[MSS2012] 92                                             ,00 24 06.412        ,-72 05 08.40       
Cl* NGC  104    MAM M44437                                             ,00 24 06.390        ,-72 05 07.37       
CXOGlb J002407.1-720507                                             ,00 24 07.150        ,-72 05 07.00       
CXOGlb J002405.9-720510                                             ,00 24 05.936        ,-72 05 10.77       
[KDA2008] 9                                             ,00 24 07.443        ,-72 05 07.43       
[MSS2012] 14                                             ,00 24 07.766        ,-72 05 10.21       
[MSS2012] 48                                                           ,00 24 05.7989089084 ,-72 05 09.381056339
Cl* NGC  104     MV x2                                        ,00 24 07.8          ,-72 05 09          
[KDA2008] 49                                             ,00 24 06.085        ,-72 05 06.72       
Cl* NGC  104    FDP    2712                                           ,00 24 04.07         ,-72 04 58.1        
RX J0021.8-7221                                             ,00 24 04.263        ,-72 04 57.97       
[DWS97] Tuc 1                                           ,00 24 04.29         ,-72 04 57.7        
PSR J0024-72L                                             ,00 24 03.754        ,-72 04 56.87       
Cl* NGC  104    EGG V37                                               ,00 24 04.2535       ,-72 04 56.922      
CXOGlb J002403.6-720459                                             ,00 24 03.703        ,-72 04 59.03       
[KDA2008] 78                                             ,00 24 04.374        ,-72 04 58.26       
Cl* NGC  104    AKO       7                                        ,00 24 04.6          ,-72 04 57          
Cl* NGC  104    EGG V28                                               ,00 24 04.6105       ,-72 04 59.546      
Cl* NGC  104    MAM    alf                                           ,00 24 04.69         ,-72 04 58.6        
Cl* NGC  104    EGG V19                                             ,00 24 04.345        ,-72 05 01.35       
Cl* NGC  104    EGG V22                                               ,00 24 04.7693       ,-72 04 56.028      
Cl* NGC  104    AKO       8                                        ,00 24 04.9          ,-72 04 57          
[KDA2008] 36                                             ,00 24 04.171        ,-72 05 02.45       
[FBS2016] NGC104 EM1                                                           ,00 24 03.1046210787 ,-72 04 55.051949345
CXOGlb J002404.9-720455                                             ,00 24 04.913        ,-72 04 55.36       
CXOGlb J002410.6-720516                                             ,00 24 10.642        ,-72 05 16.37       
PSR J0024-7204E                                             ,00 24 11.125        ,-72 05 20.14       
CXOGlb J002410.0-720441                                             ,00 24 10.048        ,-72 04 41.20       
Cl* NGC  104  AGBWF  2-43                                               ,00 24 10.3531       ,-72 04 40.807      
[MSS2012] 70                                             ,00 24 10.226        ,-72 04 39.16       
[LML2014] 100103                                               ,00 24 09.9833       ,-72 04 43.662      
[MSS2012] 66                                             ,00 24 10.593        ,-72 04 40.99       
2MASS J00241002-7204438                                           ,00 24 10.03         ,-72 04 43.9        
Cl* NGC  104   GYSB     658                                             ,00 24 09.718        ,-72 04 44.35       
CXOGlb J002410.5-720444                                             ,00 24 10.593        ,-72 04 44.18       
Cl* NGC 6397    DSZ       7                                           ,17 40 40.92         ,-53 40 26.5        
[CGC95] 7                                             ,17 40 41.076        ,-53 40 26.98       
[CGC95] 13                                             ,17 40 41.237        ,-53 40 25.79       
Cl* NGC 6397    DLO       7                                        ,17 40 41.3          ,-53 40 26          
Cl* NGC 6397   PCBY       4                                             ,17 40 40.543        ,-53 40 22.79       
Cl* NGC 6397   LOAM       7                                           ,17 40 41.40         ,-53 40 23.9        
Cl* NGC 6397    SAW V13                                             ,17 40 48.978        ,-53 39 48.62       
OGLE BLG-DN-1056                                           ,18 36 02.70         ,-23 55 25.3        
[JVH94] NGC  6752  7b                                           ,19 10 51.20         ,-59 59 08.2        
[JVH94] NGC  6752  7b                                           ,19 10 51.20         ,-59 59 08.2        
2MASS J20501785-0536269,20 50 17.86        , -05 36 26.9        
2MASS J17024408+2235479,17 02 44.094       , +22 35 47.95       
SDSS J171145.08+301320.0,17 11 45.0802909598, +30 13 20.073711518
2MASS J19283247-5001344,19 28 32.48        , -50 01 34.4        
2MASS J21543365+3550176,21 54 33.6535448666, +35 50 17.563606655
CTCV J2005-2934,20 05 51.2         , -29 34 58          
EQ CMa                                          ,06 48 51.6213909302,-16 18 03.696526737
NOVA Sgr 2012                          ,17 45 28.03        ,-23 05 22.8        
V2674 Oph                          ,17 26 32.19        ,-28 49 36.3        
OGLE 2010-NOVA-3                          ,18 05 25.36        ,-31 54 05.1        
NOVA LMC 2009 a                          ,05 40 44.20        ,-66 40 11.6        
2XMM J054333.8-682220                          ,05 43 34.18        ,-68 22 22.0        
V1129 Cen                                          ,12 39 07.8949564904,-45 33 44.148062587
V508 Dra                                          ,17 14 56.7934963404,+58 51 28.402044167
NOVA LMC 2012                                          ,04 54 56.8518115718,-70 26 56.398795412
SHV  5682                            ,05 13 50.809       ,-69 51 47.30       
CXO J141430.1-651621                          ,14 14 30.10        ,-65 16 23.3        
V364 Lib                                          ,15 09 46.5741345027,-21 47 46.390422106
TYC  486-295-1                                          ,19 30 50.7587868780,+05 30 58.265167846
OGLE BLG504.14 157126                          ,17 55 53.26        ,-28 16 33.9        
V537 Peg                                          ,22 43 40.7045039556,+30 55 20.060381883
2XMMi J004319.9+411346                          ,00 43 20.00        ,+41 13 46.0        
OGLE J175607.27-274847.5                          ,17 56 07.29        ,-27 48 47.4        
2MASS J07461711-1611276                                          ,07 46 17.1149366031,-16 11 27.683142955
1RXS J062954.6-033520                       ,06 29 54.6         ,-03 35 20          
IU Leo                                          ,10 57 56.2934666694,+09 23 14.881466441
CRTS J064729.3+495027                                          ,06 47 29.3046498963,+49 50 26.956012994
V1375 Cen                                          ,11 51 13.0175324290,-62 37 29.151332668
OGLE BLG501.24  34934                          ,17 49 54.63        ,-29 43 35.4        
V902 Mon                                          ,06 27 46.4046306073,+01 48 11.028424272
2MASS J08384911-4831248                                          ,08 38 49.1087130822,-48 31 24.816483698
UCAC3 232-65219                                          ,06 32 13.1150519827,+25 36 22.893634415
2MASS J03451159+5335144                                          ,03 45 11.5880626604,+53 35 14.667430988
HS 0218+3229                                          ,02 21 33.4824740036,+32 43 23.887860593
CRTS J172951.6+220808                                          ,17 29 51.5993596385,+22 08 08.080290909
UGPS J063938.60+055352.9                          ,06 39 38.60        ,+05 53 52.9        
OGLE GD-DN-20                          ,10 52 11.85        ,-61 41 14.3        
SDSS J161909.10+135145.5                                          ,16 19 09.0975816179,+13 51 45.617139033
CRTS J090210.2-113032                                          ,09 02 10.2502337822,-11 30 31.706907097
NOVA Oph 2007                          ,17 42 44.00        ,-23 40 35.1        
OGLE GD-DN-6                          ,10 39 47.75        ,-62 55 29.4        
2MASS J06443435+3344566                                          ,06 44 34.3633612200,+33 44 56.612364643
NOVA Del 2013                                          ,20 23 30.6864752010,+20 46 03.777415270
GSC 04560-02157                                          ,15 43 36.6545134844,+75 15 41.081573560
2MASS J04570832+4527499                                          ,04 57 08.3212242261,+45 27 50.008910311
TYC 3556-325-1                                          ,19 31 29.1493964671,+45 59 06.099062420
CRTS SSS120215 J122443-410158                       ,12 24 43.0         ,-41 01 58          
2MASS J15445360+2553488                                          ,15 44 53.6043764062,+25 53 48.950802983
2MASS J15092601-6649232                                          ,15 09 26.0167449792,-66 49 23.280117933
AX J1740.3-2904                                          ,17 40 16.1010922868,-29 03 38.002729535
2MASS J05181432+2941130                                          ,05 18 14.3299034009,+29 41 13.040844763
2MASS J07420823-1049326                                          ,07 42 08.2376218233,-10 49 32.483811064
[JBN2011] 93                          ,17 44 44.79        ,-26 03 30.3        
V667 Pup                          ,07 32 37.64        ,-13 31 09.3        
SDSS J080534.49+072029.1                                          ,08 05 34.4949748212,+07 20 29.138670568
OGLE J175318.69-291717.3                                          ,17 53 18.7152593287,-29 17 17.573661887
IGR J18308-1232                    ,18 30 50           ,-12 32.3           
NOVA TrA 2008                          ,16 18 48.21        ,-60 27 48.9        
NOVA LMC 1995                          ,05 26 50.15        ,-70 01 26.4        
NOVA Sgr 2011 b                          ,18 10 21.35        ,-23 05 30.6        
OGLE BLG-ECL-102                          ,17 59 11.72        ,-26 24 39.8        
INTEGRAL1  19                                          ,16 16 37.7618836664,-49 58 44.567852659
2MASS J21380504+2638196                                          ,21 38 05.0418164050,+26 38 19.678182045
OGLE BLG-ECL-209                          ,18 22 16.17        ,-29 56 39.7        
LS  IV -08    3                                          ,16 56 29.6223760480,-08 34 38.708195904
HV Cet,03 05 59.0,+05 47 15
2MASS J00325771-7420053,00 32 57.719,-74 20 05.39
CAL 87,05 46 48.3,-71 09 24
J1051-6127,10 51 36.7,-51 27 39
2MASS J05274893-6954244,05 27 48.9303842833,-69 54 24.559633992
NOVA Oph 2012 b,17 39 56.0,-24 47 42
2205+0201,22 08 07.5,+02 16 20
