Name, RAJ2000, DEJ2000, Type1, Type2, mag1, Orb.Per, Distance, 5%, 95%
EQ CMa, 06 48 51.6, -16 18 03, DN,   , 16.13, 2.563870, 3682.09, 861.86, 1611.33
HV Cet, 03 05 58.5, +05 47 14, Na, DN, 12.59, 1.996803, 442.25, 13.25, 14.47
V5589 Sgr, 17 45 28.0, -23 05 23, DN, UG, 16.40, 1.680000, 2372.79, 646.10, 1350.98
V2674 Oph, 17 26 32.1, -28 49 39, Nb,   , 17.11, 1.480000, 3982.30, 1702.78, 3865.36
J1805-3154, 18 05 25.4, -31 54 05, Na,   , 19.26, 1.302100, 3092.66, 1991.89, 4709.29
N LMC 2009a, 05 40 44.2, -66 40 12, Nr,   , 18.17, 1.230547, -2.84, 0.01, 0.02
CAL 83, 05 43 34.2, -68 22 22, DN,   , 11.37, 1.109099, 3561.15, 1049.66, 2182.86
V1129 Cen, 12 39 07.9, -45 33 44, Na,   , 19.68, 0.944000, 3077.10, 1857.91, 4558.78
J0032-7420, 00 32 55.1, -74 20 20, NL, VY, 14.07, 0.867520, 670.89, 19.99, 21.21
J1714+5851, 17 14 56.8, +58 51 28, N , EG,  nan, 0.850000, nan, nan, nan
J0454-7026, 04 54 56.9, -70 26 56, Na,   ,  nan, 0.822812, nan, nan, nan
J0513-6951, 05 13 50.8, -69 51 48, NL,   , 18.76, 0.780600, 4597.23, 2200.56, 4418.99
J1414-6516, 14 14 30.1, -65 16 23, SS,   , 16.95, 0.762956, -10.75, 0.02, 0.02
J1509-2147, 15 09 46.6, -21 47 46, NL, IP,  nan, 0.743000, nan, nan, nan
J1930+0530, 19 30 50.8, +05 30 58, DN, UG, 12.77, 0.611179, 366.80, 9.01, 9.55
CAL 87, 05 46 48.3, -71 09 24, NL,   , 11.37, 0.450000, 590.28, 20.97, 22.06
J1755-2816, 17 55 53.3, -28 16 34, DN, UG, 14.78, 0.440502, 598.81, 13.42, 15.38
J1051-6127, 10 51 36.7, -51 27 39, CV,   , 16.21, 0.431035, 905.27, 86.30, 107.10
V537 Peg, 22 43 40.7, +30 55 20, DN, UG, 18.90, 0.426916, -4.29, 0.02, 0.02
J0043+4113, 00 43 20.0, +41 13 46, NL, IP, 14.33, 0.411000, 1278.19, 67.69, 78.16
J1756-2748, 17 56 07.3, -27 48 48, N , IP,  nan, 0.409500, nan, nan, nan
J0527-6954, 05 27 48.9, -69 54 09, DN,   ,  nan, 0.397460, nan, nan, nan
J0746-1611, 07 46 17.1, -16 11 28, SS,   ,  nan, 0.392600, nan, nan, nan
J0629-0335, 06 29 54.6, -03 35 21, DN, ZC, 12.56, 0.382375, 448.81, 13.68, 15.11
IU Leo, 10 57 56.3, +09 23 14, DN,   ,  nan, 0.380000, nan, nan, nan
J0647+4950, 06 47 29.3, +49 50 27, DN, UG, 12.27, 0.374600, 276.67, 5.77, 5.97
J1151-6237, 11 51 13.0, -62 37 29, DN,   , 16.42, 0.371500, 1084.76, 120.71, 153.54
J1749-2943, 17 49 54.6, -29 43 35, NL, UX, 12.63, 0.360000, 545.10, 27.43, 30.71
V2677 Oph, 17 39 57.0, -24 47 07, DN, UG, 15.65, 0.347237, 686.00, 32.80, 36.25
V902 Mon, 06 27 46.4, +01 48 11, DN, UG, 14.47, 0.342000, 521.86, 14.29, 14.44
J0838-4831, 08 38 49.1, -48 31 25, NL, AM, 15.63, 0.332612, 647.92, 27.41, 30.62
J0632+2536, 06 32 13.1, +25 36 23, NL, IP, 16.88, 0.330000, 2269.46, 421.82, 657.75
J0345+5335, 03 45 11.6, +53 35 15, Na, IP, 18.86, 0.314500, 4198.10, 2034.46, 4561.60
0218+3229, 02 21 33.5, +32 43 24, NL, IP, 15.09, 0.297431, 1381.44, 76.63, 86.67
J1729+2208, 17 29 51.6, +22 08 08, DN, UG, 15.61, 0.297200, 1428.16, 150.02, 193.35
V959 Mon, 06 39 38.6, +05 53 53, DN,   , 18.11, 0.297000, 1848.14, 673.24, 1858.73
J1052-6141, 10 52 11.9, -61 41 14, N ,   , 16.67, 0.295850, 5087.01, 2438.07, 4488.96
J1619+1351, 16 19 09.1, +13 51 46, DN, UG, 17.69, 0.289000, 2109.09, 701.26, 1796.11
J0902-1130, 09 02 10.2, -11 30 32, NL,   , 15.69, 0.277000, 2086.39, 411.51, 713.73
V2615 Oph, 17 42 44.0, -23 40 35, DN, UG,  nan, 0.274000, nan, nan, nan
J1039-6255, 10 39 47.8, -62 55 29, DN, UG, 14.50, 0.270880, 560.30, 15.25, 17.00
J0644+3344, 06 44 34.4, +33 44 57, DN, UG, 19.72, 0.269960, -1.19, 0.02, 0.02
V339 Del, 20 23 30.7, +20 46 04, NL, IP, 14.74, 0.268100, 1138.56, 75.28, 83.63
J1543+7515, 15 43 36.7, +75 15 41, Na,   , 18.06, 0.267000, -8.78, 0.02, 0.01
J0457+4527, 04 57 08.3, +45 27 50, DN, ZC, 12.83, 0.258116, 324.47, 5.50, 5.36
J1931+4559, 19 31 29.2, +45 59 06, N , NL, 19.67, 0.255800, -1.30, 0.01, 0.02
J1224-4101, 12 24 43.3, -41 01 59, NL, DN, 12.74, 0.254400, 351.71, 4.40, 4.24
J1544+2553, 15 44 53.6, +25 53 49, NL, IP,  nan, 0.252697, nan, nan, nan
J1509-6649, 15 09 26.0, -66 49 23, DN, UG, 17.11, 0.246750, 1490.12, 289.60, 426.31
J1740-2903, 17 40 16.1, -29 03 38, DN, UG, 17.46, 0.239100, 1253.54, 194.09, 282.75
J0518+2941, 05 18 14.3, +29 41 13, NL, IP, 15.62, 0.238300, 924.89, 43.17, 47.45
J0742-1049, 07 42 08.2, -10 49 32, DN, UG, 16.90, 0.238000, 1333.10, 246.17, 365.90
J1744-2603, 17 44 44.8, -26 03 30,   ,   , 16.15, 0.237800, 520.79, 25.19, 27.80
V667 Pup, 07 32 37.7, -13 31 08, DN, UG, 17.96, 0.234000, 835.56, 171.22, 255.22
J0805+0720, 08 05 34.5, +07 20 29, NL, IP, 17.07, 0.230700, 1785.52, 363.24, 584.08
J1753-2917, 17 53 18.7, -29 17 17, Nb,   , 18.15, 0.225000, 4049.45, 1736.30, 4042.10
J1830-1232, 18 30 49.9, -12 32 19, DN, SH,  nan, 0.224980, nan, nan, nan
NR TrA, 16 18 48.2, -60 27 49, CV,   ,  nan, 0.220000, nan, nan, nan
N LMC 1995, 05 26 50.3, -70 01 24, N ,   , 16.75, 0.219000, 4556.59, 1556.43, 3176.89
V5588 Sgr, 18 10 21.4, -23 05 30, DN, UG, 18.32, 0.214600, 1902.04, 1031.96, 3965.17
J1759-2624, 17 59 11.7, -26 24 40, GC,   ,  nan, 0.213000, nan, nan, nan
J1616-4958, 16 16 37.8, -49 58 45, DN,   , 17.79, 0.209370, 892.15, 168.11, 244.00
2205+0201, 22 08 07.5, +02 16 20, NL, IP, 16.30, 0.208500, 1660.21, 269.92, 380.92
J2138+2638, 21 38 05.0, +26 38 20, Nb,   , 15.15, 0.204378, 883.84, 61.11, 70.46
J1822-2956, 18 22 16.2, -29 56 40, NL, UX,  nan, 0.198096, nan, nan, nan
LS IV -08 3, 16 56 29.6, -08 34 39, NL, VY, 17.40, 0.195730, 1041.19, 162.52, 241.10
2325+8205, 23 26 50.5, +82 22 11, NL, AM, 11.06, 0.194490, -9.96, 0.01, 0.01
J1814-2847, 18 14 33.0, -28 47 35, DN, ZC, 16.32, 0.194335, 466.37, 12.80, 14.17
J0107+4845, 01 07 42.8, +48 45 19, Na, DQ, 15.23, 0.193621, 500.27, 9.14, 10.42
J1745-3746, 17 45 15.6, -37 46 28, DN, UG, 15.92, 0.191500, 716.73, 61.55, 70.75
V416 Dra, 18 57 20.4, +71 31 19, NL, UX,  nan, 0.189915, nan, nan, nan
J0944-5617, 09 44 09.4, -56 17 11, DN, UG,  nan, 0.188640, nan, nan, nan
J1006+2337, 10 06 58.4, +23 37 24, CV, DN, 19.97, 0.186444, 618.53, 237.00, 1488.87
J1959+5625, 19 59 19.4, +56 25 21, NL, AM, 17.30, 0.183000, 622.66, 60.27, 71.83
J1810-3052, 18 10 46.6, -30 52 32, NL, AM, 17.35, 0.182970, 186.50, 5.00, 5.52
V513 Peg, 22 16 31.2, +29 00 21, DN, UG, 14.86, 0.179301, 336.29, 6.04, 6.35
J1806-2907, 18 06 24.4, -29 07 45, Na,   , 19.85, 0.179000, -2.54, 0.02, 0.02
J1037-6249, 10 37 28.4, -62 49 29, NL, UX, 18.30, 0.178432, -142.63, 0.02, 0.01
J1754-3157, 17 54 32.5, -31 57 52, CV,   ,  nan, 0.176400, nan, nan, nan
J0035+4623, 00 35 35.7, +46 23 53, NL, IP, 13.95, 0.172620, 675.87, 22.06, 22.67
0035-7230, 00 37 19.8, -72 14 14, DN,   , 16.23, 0.172275, 474.50, 19.17, 21.35
J2216+4646, 22 16 50.3, +46 46 41, DN, UG, 16.16, 0.171900, 586.60, 29.82, 30.33
J0927-3910, 09 27 51.9, -39 10 52, DN,   , 12.69, 0.170000, -13.36, 0.02, 0.02
J1856+4537, 18 56 08.1, +45 37 40,   ,   , 16.47, 0.170000, 1844.33, 276.42, 382.37
J1758-3119, 17 58 54.1, -31 19 01, DN, ZC, 15.52, 0.168700, 542.46, 21.63, 22.51
J1923+6124, 19 23 28.3, +61 24 13, Nc,   , 18.69, 0.167762, 4100.15, 2217.69, 4260.72
J1753-2134, 17 53 26.4, -21 34 05,   ,   , 18.53, 0.167700, 2628.49, 987.42, 2601.20
J1831+6511, 18 31 44.5, +65 11 32, NL, UX,  nan, 0.167116, nan, nan, nan
J1719-4100, 17 19 35.9, -41 00 54, DN,   , 16.40, 0.167000, 815.09, 39.38, 43.53
J1927+4447, 19 27 48.5, +44 47 25, DN, IP, 15.16, 0.165374, 197.72, 1.93, 1.99
J2200+0334, 22 00 31.2, +03 34 30, NL, UX, 14.01, 0.165001, 818.69, 41.44, 47.11
J1305-5755, 13 05 59.5, -57 55 00, NL, UX, 13.58, 0.163805, 256.22, 8.23, 8.80
J0940+2749, 09 40 02.6, +27 49 42, DN, UG, 16.09, 0.163532, 313.79, 8.66, 9.34
J2152+19, 21 52 00.0, +19 00 00, DN, UG, 18.02, 0.163520, 987.10, 278.25, 698.49
J1820-2414, 18 20 38.4, -24 14 31, NL, UX, 13.97, 0.161490, 486.64, 8.03, 8.52
J1804-2659, 18 04 16.6, -26 59 10, NL, UX,  nan, 0.161329, nan, nan, nan
J1930+5157, 19 30 59.2, +51 57 36, NL, VY, 16.18, 0.160500, 950.82, 97.12, 121.06
V2467 Cyg, 20 28 12.5, +41 48 36, NL, IP, 17.93, 0.160000, 1315.05, 559.71, 2164.67
J1751-3516, 17 51 42.8, -35 16 35, DN, UG, 15.82, 0.159100, 490.19, 15.59, 16.97
J0227+1306, 02 27 32.9, +13 06 17, NL, VY, 18.15, 0.158000, 5001.61, 2102.32, 4664.06
J1040-4701, 10 40 00.0, -47 01 26, NL, AM, 17.21, 0.157799, 472.12, 28.50, 34.62
J1740-2418, 17 40 48.9, -24 18 34, NL,   , 16.22, 0.157700, 1659.71, 209.95, 289.08
J2108-0350, 21 08 46.4, -03 50 32, NL, AM,  nan, 0.157370, nan, nan, nan
J1031-4626, 10 31 35.0, -46 26 39, NL, UX, 15.47, 0.156900, 1568.46, 201.10, 291.29
V5582 Sgr, 17 45 05.4, -20 03 22, NL,   , 16.91, 0.156700, 1703.51, 266.17, 384.40
J0449-1841, 04 49 02.7, -18 41 29, DN, UG,  nan, 0.155627, nan, nan, nan
J1654-1916, 16 54 43.7, -19 16 31, DN, ZC, 15.79, 0.154800, 509.54, 42.90, 51.89
J1226-2527, 12 26 17.3, -25 27 04, NL,   , 13.74, 0.154500, 537.80, 14.65, 14.73
J1129-5355, 11 29 21.7, -53 55 44, Nb,   , 15.35, 0.153561, 1169.91, 147.97, 201.36
J1024-4826, 10 24 42.0, -48 26 43, NL, VY, 14.66, 0.153300, 653.30, 32.00, 37.52
J1649-3307, 16 49 55.6, -33 07 02, DN, UG, 15.73, 0.150974, 541.14, 31.69, 35.97
J0537-7034, 05 37 44.6, -70 33 47, Na, DQ, 15.05, 0.147000, 1210.99, 70.82, 81.43
J0942-1936, 09 42 52.3, -19 36 52, SS,   ,  nan, 0.147000, nan, nan, nan
J1220-1027, 12 20 59.8, -10 27 35, NL, SW, 14.85, 0.146353, 815.45, 43.80, 51.40
V2468 Cyg, 19 58 33.4, +29 52 07, NL, AM, 18.63, 0.145452, 546.41, 155.50, 318.10
J0756-1246, 07 56 48.9, -12 46 54, Nb, SW, 12.41, 0.145025, 511.83, 12.90, 13.07
J2255-3449, 22 55 04.2, -34 49 18, VY, SW, 14.28, 0.144464, 775.55, 22.40, 23.31
J1926+1322, 19 26 27.0, +13 22 05, NL, IP, 17.64, 0.144000, 3793.54, 1419.68, 2941.20
J0617-3626, 06 17 53.8, -36 26 55, NL, IP, 18.07, 0.143700, 1699.71, 501.35, 1220.26
J2014+1529, 20 14 24.9, +15 29 30, CV,   , 17.94, 0.143350, 1026.81, 245.58, 557.05
J0746-0934, 07 46 55.5, -09 34 31, NL, IP, 14.06, 0.142000, 716.67, 26.13, 27.86
J0439-6809, 04 39 49.7, -68 09 02, NL, AM, 19.20, 0.140400, 1344.67, 584.33, 2401.36
J1751-2934, 17 51 22.7, -29 34 36, Na, SH, 18.53, 0.140100, 2523.42, 1058.85, 3041.25
V5585 Sgr, 18 07 27.0, -29 00 44, VY, SW, 10.92, 0.137550, 257.86, 7.57, 8.20
J0229-3959, 02 29 16.9, -39 59 20, Na,   ,  nan, 0.137526, nan, nan, nan
2133+0513, 21 35 59.3, +05 27 00, NL, VY,  nan, 0.137000, nan, nan, nan
J0756+0858, 07 56 53.1, +08 58 32, NL, VY, 16.16, 0.137000, 1550.55, 431.11, 899.02
J2142-6748, 21 42 17.3, -67 48 01, NL, UX, 17.43, 0.136974, 1236.97, 197.25, 284.61
J1206+5100, 12 06 15.7, +51 00 47, NL, SW, 14.14, 0.136607, 587.77, 19.92, 21.32
J0733+2619, 07 33 46.3, +26 19 26, NL, SW, 15.23, 0.133616, 1290.54, 120.17, 142.26
J0753+0445, 07 53 30.8, +04 45 56, NL, AM, 18.16, 0.133400, 1230.13, 395.77, 1115.76
J0734-1706, 07 34 18.6, -17 06 27, NL, VY, 15.46, 0.133000, 1415.30, 165.24, 221.65
J1453-5521, 14 53 41.2, -55 21 37, NL, AM, 17.98, 0.131518, 245.68, 13.20, 14.89
J0130+6221, 01 30 31.9, +62 21 32, DN, AM, 17.93, 0.130934, 1668.46, 585.26, 1678.63
J0921-5939, 09 21 34.1, -59 39 07, DN, ZC, 15.79, 0.127000, 758.71, 36.65, 39.17
J2319+2615, 23 19 30.3, +26 15 19, Na, NL,  nan, 0.125567, nan, nan, nan
J1753-3324, 17 53 08.4, -33 24 23, NL, VY, 14.80, 0.124747, 1098.17, 95.93, 112.61
J1754-3006, 17 54 13.8, -30 06 13, NL, VY, 13.82, 0.124330, 499.37, 10.65, 11.37
J1042-6211, 10 42 02.4, -62 11 54, Na, SW, 17.18, 0.122800, 4801.60, 2002.70, 4227.27
J2250+5731, 22 50 37.0, +57 31 54, NL, VY, 18.12, 0.122000, 1648.09, 596.73, 1915.65
J1751-2933#1, 17 51 51.2, -29 33 10, NL, SW, 12.37, 0.120560, 444.62, 9.70, 9.44
J1741-2758, 17 41 42.4, -27 58 30, Na, SH, 17.52, 0.117930, 4270.77, 2048.13, 4627.87
J2102+3359, 21 02 01.4, +33 59 30, NL,   , 20.01, 0.117860, -0.41, 0.01, 0.01
J1432+1914, 14 32 09.8, +19 14 04, Na,   , 18.90, 0.117515, 1010.95, 590.04, 4165.77
J1924+4459, 19 24 10.8, +44 59 35, UX, SH, 12.65, 0.115063, 455.81, 11.36, 11.79
V515 And, 00 55 19.9, +46 12 57, NL, AM, 20.34, 0.114000, 2637.18, 2017.13, 5081.62
2114-6437, 21 18 49.9, -64 25 13, DN, SU, 16.33, 0.113000, 1652.85, 192.62, 243.05
V597 Pup, 08 16 18.0, -34 15 25, DN, UG, 16.74, 0.111220, 1351.64, 224.60, 324.96
J1721+44, 17 21 00.0, +44 00 00, DN,   , 17.21, 0.110000, 329.72, 14.30, 15.41
V2491 Cyg, 19 43 02.0, +32 19 14, N , NL, 18.14, 0.107123, 4940.77, 2132.01, 4471.38
J2039-0429, 20 39 37.7, -04 29 08, Na, IP, 17.98, 0.106700, 6255.22, 2523.95, 4786.88
J0659+2525, 06 59 21.7, +25 25 55, NL,   , 19.20, 0.104000, -10.05, 0.02, 0.02
J1627+1204, 16 27 18.5, +12 04 35, CV,   ,  nan, 0.104000, nan, nan, nan
J1908+42, 19 08 00.0, +42 00 00, DN, SU, 19.03, 0.104000, 1472.25, 533.70, 1729.11
J1340+1513, 13 40 52.1, +15 13 41, Nr,   , 18.47, 0.102600, 2289.15, 1367.77, 4404.78
J0011-0647, 00 11 53.1, -06 47 39, DN, UG, 16.27, 0.101000, 1799.56, 220.73, 284.55
J1543-5227, 15 43 05.5, -52 27 10, DN, SU, 17.91, 0.100082, 295.99, 18.16, 19.42
J1753-2921, 17 53 10.0, -29 21 21, NL, AM, 17.73, 0.100000, 3470.88, 1457.74, 3434.41
J1619+0319, 16 19 53.3, +03 19 09, DN, SU, 19.42, 0.099800, 1183.28, 372.39, 1077.84
J0648+0656, 06 48 33.5, +06 56 23, DN, SU, 17.29, 0.099040, 481.51, 24.77, 27.06
J1751-2929#2, 17 51 31.6, -29 29 56, DN, SU, 18.07, 0.099000, 336.11, 27.94, 34.86
J1128-3448, 11 28 15.4, -34 48 08, CV,   ,  nan, 0.098770, nan, nan, nan
J1830+1233, 18 30 01.8, +12 33 48, DN, SU, 18.78, 0.098500, 563.90, 93.43, 136.07
J1749+1913, 17 49 02.1, +19 13 30, NL, AM, 16.88, 0.097187, 187.41, 4.54, 4.93
J0814+0907, 08 14 08.4, +09 07 59, DN, SU, 19.38, 0.097000, 3469.54, 2098.36, 4561.60
V444 Peg, 21 37 01.8, +07 14 46, DN, SU, 16.79, 0.095000, 764.23, 57.00, 67.24
J1425+1515, 14 25 48.1, +15 15 01, DN, SU, 18.64, 0.094700, 419.71, 59.36, 83.50
KT Eri, 04 47 54.2, -10 10 43, DN, SU,  nan, 0.093900, nan, nan, nan
J0038+2509, 00 38 27.0, +25 09 25, Na, Nr, 14.82, 0.093800, 4992.16, 1170.27, 2027.48
J0750+1411, 07 51 00.0, +14 11 50, DN, SU, 18.79, 0.093800, 531.42, 128.64, 228.57
J0153+3408, 01 53 21.5, +34 08 56, NL, AM, 17.74, 0.093100, 526.90, 41.28, 52.25
J1200-1526, 12 00 52.9, -15 26 21, DN, SU, 20.32, 0.093000, 3205.72, 2311.53, 4818.36
J2147+2445, 21 47 38.4, +24 45 54, NL, AM, 18.77, 0.093000, 741.78, 157.47, 269.20
J1503-2207, 15 03 54.0, -22 07 11, NL, AM, 16.07, 0.092640, 291.22, 6.05, 6.01
J1333+1437, 13 33 09.2, +14 37 07, DN, SU, 19.05, 0.092100, 993.87, 308.38, 762.90
J2054-1940, 20 54 08.2, -19 40 27, NL, AM, 19.72, 0.092000, -1.13, 0.02, 0.02
J1625+1203, 16 25 20.3, +12 03 09, DN, SU, 20.09, 0.092000, 3908.77, 2396.39, 4682.70
J0846+3115, 08 46 16.9, +31 15 55, DN, SU, 18.45, 0.091433, 480.33, 79.23, 112.02
J1316-1513, 13 16 25.7, -15 13 13, NL, AM, 18.79, 0.091141, 1103.59, 568.26, 3047.80
J1847+5300, 18 47 02.6, +53 00 31, DN, SU, 20.37, 0.091000, 3261.44, 2261.14, 4868.80
GV Psc, 01 13 06.7, +21 52 51, DN, SU, 18.88, 0.090500, 1129.49, 290.14, 629.73
J2218+1925, 22 18 32.7, +19 25 21, DN, SU,  nan, 0.090000, nan, nan, nan
J2242-1945, 22 42 58.0, -19 45 52, NL, AM, 17.26, 0.090000, 239.67, 11.20, 12.13
J2234-0355, 22 34 18.4, -03 55 30, DN, SU,  nan, 0.088100, nan, nan, nan
J0637-2541, 06 37 47.5, -25 41 20, DN, SU, 20.44, 0.088100, 3733.28, 2347.14, 4744.42
J0939+6956, 09 39 55.7, +69 56 46, DN, SU, 19.94, 0.088000, 3170.28, 2041.26, 4834.53
J1557+1807, 15 57 20.7, +18 07 20, DN, SU, 19.50, 0.088000, 2999.59, 1763.00, 4555.17
J1623+7826, 16 23 23.4, +78 26 03, DN,   , 18.76, 0.088000, 1097.13, 388.64, 1274.61
J0038+7921, 00 38 37.5, +79 21 37, DN,   , 16.72, 0.087039, 220.86, 6.10, 6.72
J2126+2538, 21 26 24.2, +25 38 27, DN, SU, 16.49, 0.087000, 788.32, 68.12, 78.72
J2212+1601, 22 12 32.0, +16 01 40, DN, SU, 18.64, 0.087000, 597.54, 151.47, 281.77
J1331-3155, 13 31 35.2, -31 55 41, DN, SU, 19.44, 0.087000, 2931.25, 1997.98, 4795.43
J1740-2847, 17 40 09.1, -28 47 26, DN, SU, 13.99, 0.086800, 239.51, 4.47, 4.41
J0614-2725, 06 14 51.7, -27 25 35, NL, IP, 18.90, 0.086800, 3352.65, 1910.76, 4283.41
J1743-0429, 17 43 20.3, -04 29 57, NL, AM, 18.97, 0.086600, 1175.24, 421.54, 1579.91
J0009-1210, 00 09 38.2, -12 10 16, DN, SU, 18.73, 0.086400, -10.57, 0.02, 0.02
J1751-2929#1, 17 51 29.1, -29 29 24, DN, SU,  nan, 0.086200, nan, nan, nan
J0959-1601, 09 59 26.5, -16 01 47, DN, SU, 18.97, 0.086000, 951.90, 128.33, 174.77
J1047-6041, 10 47 57.2, -60 41 23, DN, SU, 19.30, 0.086000, 1705.78, 1120.50, 4088.54
J1243+4332, 12 43 12.1, +43 32 00, DN, SU, 20.67, 0.086000, -0.84, 0.01, 0.01
J1556-0804, 15 56 31.0, -08 04 40, DN, SU, 20.89, 0.086000, 3186.54, 2369.05, 5107.23
J2203+3056, 22 03 28.2, +30 56 37, DN, SU, 18.36, 0.086000, 1201.63, 335.69, 940.05
J0841+2100, 08 41 27.4, +21 00 54, DN, SU,  nan, 0.085200, nan, nan, nan
J1639+1224, 16 39 42.7, +12 24 14, DN, SU,  nan, 0.085000, nan, nan, nan
J2126+2019, 21 26 25.1, +20 19 46, DN,   , 17.56, 0.085000, 4600.84, 2306.74, 4806.85
J0519+1554, 05 19 22.9, +15 54 35, DN, SU, 18.81, 0.085000, 2127.17, 1169.77, 3806.01
J2031-0005, 20 31 37.6, -00 05 12, DN,   , 17.48, 0.084900, 639.21, 61.93, 80.20
J0328+0522, 03 28 55.0, +05 22 54, NL, AM, 20.31, 0.084810, 1753.14, 1168.77, 4341.29
NSV 5285, 11 39 50.6, +45 58 18, DN, SU, 19.21, 0.084500, 720.76, 229.14, 739.02
J1417-1803, 14 17 12.0, -18 03 28, DN, SU, 19.49, 0.084500, 904.20, 430.04, 2853.74
J1730+0338, 17 30 06.5, +03 38 20, DN, SU, 18.08, 0.083700, 266.49, 44.50, 74.45
J1748+5050, 17 48 27.9, +50 50 40, DN, ZZ, 19.25, 0.083000, 444.12, 111.37, 230.99
J1753-6417, 17 53 51.3, -64 17 40, DN, SU, 19.04, 0.083000, 847.15, 226.19, 489.44
J2320+4443, 23 20 22.4, +44 43 31, DN, SU, 20.53, 0.083000, 3606.97, 2376.26, 4929.91
J1459+3548, 14 59 21.8, +35 48 05, DN, SU, 19.21, 0.082000, 1067.25, 464.82, 2476.46
J1652+4605, 16 52 36.3, +46 05 15, DN, SU,  nan, 0.082000, nan, nan, nan
J1850+4044, 18 50 50.6, +40 44 06, DN, SU,  nan, 0.082000, nan, nan, nan
J0711+4404, 07 11 26.0, +44 04 05, DN, SU, 19.07, 0.081400, 602.95, 124.21, 216.28
V1032 Oph, 16 26 09.7, -03 53 25, Na, SH, 17.19, 0.081260, 1689.24, 265.00, 399.36
J1324-6512, 13 24 01.6, -65 12 20, DN, SU, 17.44, 0.081056, 427.91, 27.02, 31.88
J1940-4724, 19 40 37.6, -47 24 49, DN, SU,  nan, 0.081000, nan, nan, nan
J1040-6233, 10 40 14.3, -62 33 18, DN,   , 16.73, 0.081000, 349.95, 11.47, 12.73
J0810+0024, 08 10 30.6, +00 24 29, DN, SU, 19.96, 0.080800, 2138.91, 1319.82, 4371.97
J0912+6209, 09 12 42.2, +62 09 40, NL, AM, 19.49, 0.080199, 336.34, 45.62, 64.53
J0008+7731, 00 08 20.4, +77 31 19, DN, SU, 18.33, 0.080100, 314.44, 30.34, 38.85
J0851+3444, 08 51 13.4, +34 44 49, DN, SU,  nan, 0.080000, nan, nan, nan
J1026+1920, 10 26 16.1, +19 20 45, DN, SU, 19.57, 0.080000, 1176.02, 625.15, 3585.60
J1050+3328, 10 50 26.0, +33 28 13, DN, SU, 19.97, 0.080000, 3336.51, 2253.91, 4947.10
J1444-1311, 14 44 53.0, -13 11 18, DN, SU,  nan, 0.080000, nan, nan, nan
J1751+3521, 17 51 30.2, +35 21 23, DN, SU, 20.23, 0.080000, 2061.82, 1565.67, 4484.73
J2102+0258, 21 02 05.7, +02 58 34, DN, SU, 20.42, 0.080000, 3505.60, 2267.36, 4685.53
J2216+7054, 22 16 21.9, +70 54 16, DN, SU,  nan, 0.080000, nan, nan, nan
J2311+2040, 23 11 42.8, +20 40 36, DN, SU, 20.49, 0.080000, 1049.15, 702.75, 4525.25
J0000+3325, 00 00 24.6, +33 25 43, NL, AM,  nan, 0.079753, nan, nan, nan
J0002+4242, 00 02 22.3, +42 42 14, DN, SU, 20.54, 0.079700, -0.41, 0.02, 0.01
AC LMi, 10 19 47.3, +33 57 54, DN, SU, 17.76, 0.079500, 657.91, 111.87, 164.92
J1821+2121, 18 21 42.8, +21 21 54, DN,   , 19.09, 0.079200, 840.46, 224.68, 531.71
J0357+1029, 03 57 58.6, +10 29 42, DN, SU, 19.27, 0.079200, 535.49, 113.47, 191.03
J0006-6900, 00 06 33.4, -69 00 34, NL, AM, 16.13, 0.079089, 113.21, 1.78, 1.81
J0045+5032, 00 45 27.5, +50 32 16, DN,   , 15.11, 0.079000, 246.85, 2.50, 2.68
J0334-0710, 03 34 49.9, -07 10 48, DN, SU, 18.97, 0.079000, 314.58, 43.85, 59.90
J0946-0056, 09 46 06.9, -00 56 01, DN, SU, 18.75, 0.079000, 457.45, 87.37, 133.28
J1312-4218, 13 12 13.5, -42 18 09, DN, SU, 20.07, 0.079000, 2884.27, 2013.81, 4809.51
J1736+0716, 17 36 15.1, +07 16 56, DN, SU, 20.76, 0.079000, -2.97, 0.02, 0.02
J1642+1347, 16 42 48.5, +13 47 51, NL, AM, 17.25, 0.078915, 130.73, 1.94, 2.12
J0211+1716, 02 11 10.2, +17 16 24, DN,   , 18.99, 0.078850, 730.60, 204.45, 498.94
J1039-6245, 10 39 57.0, -62 45 18, DN, SU, 18.56, 0.078260, 850.09, 164.90, 273.69
J0634+4120, 06 34 38.0, +41 20 47, DN, SU, 16.71, 0.078054, 159.20, 2.54, 2.61
J0800+1924, 08 00 33.9, +19 24 16, DN, SU,  nan, 0.078000, nan, nan, nan
J1027-4343, 10 27 05.8, -43 43 41, DN, SU, 19.72, 0.078000, 857.30, 272.58, 968.64
J1126-1002, 11 26 34.0, -10 02 10, DN, SU, 17.19, 0.077759, 442.25, 26.30, 30.06
J1244+3004, 12 44 17.9, +30 04 01, DN, SU, 17.97, 0.077400, 284.22, 24.13, 29.23
J0406+0052, 04 06 59.8, +00 52 44, DN, SU, 20.06, 0.077400, 1322.29, 763.21, 3950.54
J0021-5719, 00 21 30.9, -57 19 22, DN, SU, 20.14, 0.077000, 3436.31, 2334.41, 4704.08
J0726+8332, 07 26 37.2, +83 32 19, DN, SU, 17.74, 0.077000, 662.10, 68.10, 81.16
J0732+4130, 07 32 08.1, +41 30 09, DN, SU, 20.09, 0.077000, 1319.47, 731.42, 3517.06
J1052-0643, 10 52 15.3, -06 43 26, DN, SU,  nan, 0.077000, nan, nan, nan
J1527+6327, 15 27 55.1, +63 27 54, DN, SU, 19.09, 0.077000, 4208.63, 2315.64, 4636.07
J1817+6708, 18 17 52.5, +67 08 08, DN, SU, 18.77, 0.077000, 606.62, 108.48, 178.01
J1926-6526, 19 26 08.9, -65 26 21, DN, SU,  nan, 0.077000, nan, nan, nan
J2343-5852, 23 43 38.2, -58 52 47, DN, SU,  nan, 0.077000, nan, nan, nan
J0254+2244, 02 54 43.7, +22 44 02, DN, SU, 15.79, 0.076900, 352.71, 11.10, 11.96
J1751-2933#2, 17 51 33.6, -29 33 13, DN, SU, 19.08, 0.076500, 507.51, 101.10, 170.83
J1900-4930, 19 00 05.3, -49 30 34, DN, SU, 20.23, 0.076000, -0.78, 0.02, 0.02
J1909-6328, 19 09 55.8, -63 28 06, DN, SU, 19.85, 0.076000, 3557.61, 2266.05, 4565.96
J1222-3115, 12 22 21.7, -31 15 23, DN, SU, 17.63, 0.075900, 497.19, 50.10, 59.55
J0812+1318, 08 12 07.6, +13 18 24, DN, SU, 18.95, 0.075600, 732.34, 147.86, 238.58
J1626-1255, 16 26 19.9, -12 55 56, DN, SU, 19.58, 0.075600, 3478.44, 2211.97, 4539.74
J2158+0947, 21 58 15.3, +09 47 10, DN, SU, 20.35, 0.075300, 2940.18, 2175.07, 4662.50
J1005+1911, 10 05 15.4, +19 11 08, DN, SU, 17.49, 0.075200, 272.71, 18.34, 21.60
J0741-0945, 07 41 12.7, -09 45 56, DN, SU, 18.05, 0.075100, 400.91, 54.81, 79.75
J1545+4428, 15 45 44.9, +44 28 30, DN, SU, 18.91, 0.075000, 535.23, 102.79, 158.74
J1821+1709, 18 21 13.9, +17 09 16, DN, SU, 20.63, 0.075000, -4.07, 0.01, 0.01
J1915+4036, 19 15 11.8, +40 36 26, DN, SU, 19.73, 0.075000, 565.72, 204.66, 1040.08
J1939+3927, 19 39 48.8, +39 27 19, DN, SU, 14.60, 0.075000, 2161.40, 136.24, 151.92
J2118-3413, 21 18 04.3, -34 13 43, DN, SU,  nan, 0.075000, nan, nan, nan
J0814-0050, 08 14 18.9, -00 50 22, DN, ER, 14.52, 0.074980, 507.25, 27.27, 30.80
J0501+2038, 05 01 24.1, +20 38 18, DN, SU, 17.99, 0.074800, 321.81, 26.28, 32.48
J1922+4309, 19 22 54.9, +43 09 05, DN,   , 19.05, 0.074700, 3641.61, 2113.11, 4811.22
J2344-0012, 23 44 40.5, -00 12 06, DN, SU, 18.32, 0.074499, 2253.21, 1096.33, 3475.88
J1858+4914, 18 58 30.9, +49 14 33, NL, AM, 17.69, 0.074300, 846.70, 129.36, 176.41
NY Her, 17 52 52.6, +29 22 19, DN, SU, 18.07, 0.074000, 686.68, 94.13, 132.35
J0442-0023, 04 42 16.0, -00 23 34, DN, SU, 18.68, 0.074000, 1951.10, 467.48, 783.86
J0543+0931, 05 43 18.0, +09 31 15, DN, SU,  nan, 0.074000, nan, nan, nan
J0610+1240, 06 10 04.0, +12 40 09, DN, SU,  nan, 0.074000, nan, nan, nan
J0819+1915, 08 19 36.1, +19 15 40, DN, SU,  nan, 0.074000, nan, nan, nan
J1649+0358, 16 49 50.4, +03 58 35, DN, SU, 19.89, 0.074000, -1.93, 0.01, 0.02
J1413-6517, 14 13 32.9, -65 17 57, DN, SU, 19.44, 0.073909, 3344.21, 1925.89, 4760.19
J1751-2927, 17 51 33.9, -29 27 54, DN, SU, 20.03, 0.073500, 837.96, 333.40, 2126.44
J1110-2337, 11 10 46.2, -23 37 45, DN, SU, 20.26, 0.073000, 2287.97, 1794.86, 4688.95
J1343-4426, 13 43 37.2, -44 26 42, DN, SU, 20.70, 0.073000, 3693.51, 2562.48, 4831.07
J1755-0051, 17 55 02.1, -00 51 41, DN, SU, 18.20, 0.073000, 634.50, 162.84, 358.72
J2056-3014, 20 56 52.1, -30 14 38, DN, SU,  nan, 0.073000, nan, nan, nan
J0803+2848, 08 03 07.0, +28 48 56, DN, SU, 16.22, 0.072707, 281.83, 5.51, 5.82
J1754-3526, 17 54 16.2, -35 26 40, DN, SU, 20.27, 0.071960, -1.00, 0.02, 0.01
NN Cam, 04 12 36.9, +69 29 06, DN, SU, 18.09, 0.071931, 267.71, 18.08, 21.30
DN Dra, 18 42 28.1, +48 37 42, DN, SU, 18.16, 0.071700, 388.15, 33.09, 37.95
J0150+3756, 01 50 16.2, +37 56 19, DN, SU, 17.98, 0.071610, 616.26, 82.28, 116.18
NSV 1436, 04 02 39.0, +42 50 45, DN, SU, 19.84, 0.071000, 2884.61, 1798.63, 4522.47
J0115+2455, 01 15 16.5, +24 55 30, DN, SU, 17.06, 0.071000, 251.51, 7.65, 8.03
J0150+3326, 01 50 51.5, +33 26 22, DN, SU, 19.86, 0.071000, 2715.20, 1812.63, 4642.86
J0512+4505, 05 12 34.6, +45 05 12, DN, SU, 17.79, 0.071000, 679.10, 103.28, 151.94
J1600+7050, 16 00 20.6, +70 50 07, DN, SU, 18.98, 0.071000, 2076.59, 1207.01, 4053.49
J1723+1757, 17 23 06.3, +17 57 56, DN, SU, 18.52, 0.071000, 586.23, 96.59, 150.30
J2159-3529, 21 59 06.9, -35 29 57, DN, SU, 20.65, 0.071000, 3435.10, 2414.40, 5189.61
J2305+6521, 23 05 38.4, +65 21 59, DN, SU,  nan, 0.071000, nan, nan, nan
J0221-2619, 02 21 37.9, -26 19 52, NL, AM, 16.66, 0.070498, 112.59, 4.32, 4.51
J1443-1755, 14 43 41.9, -17 55 49, DN, SU, 18.33, 0.070300, 866.17, 218.00, 424.49
J0345-0152, 03 45 15.4, -01 52 16, DN, SU, 19.61, 0.070200, 902.35, 377.34, 2389.57
V2779 Oph, 18 08 35.8, +10 10 30, NL, AM, 18.21, 0.070162, 3381.49, 1819.78, 4197.16
M31 2006-04a, 00 43 13.4, +41 16 59, DN, SU, 18.32, 0.070000, 331.84, 29.77, 37.14
J0015+2636, 00 15 38.2, +26 36 57, N , SS,  nan, 0.070000, nan, nan, nan
J0042-5609, 00 42 14.2, -56 09 20, DN, SU, 17.63, 0.070000, 643.85, 112.00, 166.27
J0213+4606, 02 13 17.2, +46 06 43, DN, SU, 17.64, 0.070000, 631.79, 65.84, 84.04
J0316+1758, 03 16 00.1, +17 58 24, DN, SU, 19.29, 0.070000, 3530.75, 2411.68, 4868.14
J0513-2619, 05 13 06.6, -26 19 52, DN, SU,  nan, 0.070000, nan, nan, nan
J0754+3812, 07 54 18.7, +38 12 25, DN, SU, 19.66, 0.070000, 485.03, 145.08, 449.73
J1057-2156, 10 57 49.8, -21 56 58, DN, SU,  nan, 0.070000, nan, nan, nan
J1927-4847, 19 27 10.1, -48 47 52, DN,   , 17.96, 0.070000, 682.90, 99.67, 138.62
J1959-1833, 19 59 18.0, -18 33 31, DN, SU, 19.40, 0.070000, 615.03, 217.69, 902.12
J2027-2240, 20 27 31.2, -22 40 01, DN, SU,  nan, 0.070000, nan, nan, nan
J2349-6054, 23 49 55.1, -60 54 17, DN, SU, 17.89, 0.070000, 344.19, 29.22, 35.67
J1914+6052, 19 14 43.5, +60 52 14, DN, SU, 14.78, 0.069500, 529.61, 21.16, 23.05
J0943-2720, 09 43 27.3, -27 20 30, DN, UG, 19.04, 0.069000, 2851.40, 1599.25, 4217.73
J1120+6636, 11 20 03.4, +66 36 32, DN, SU,  nan, 0.069000, nan, nan, nan
J1329-3658, 13 29 00.9, -36 58 59, DN, SU,  nan, 0.069000, nan, nan, nan
J1344+2044, 13 44 41.8, +20 44 08, DN, SU,  nan, 0.069000, nan, nan, nan
J1354+2736, 13 54 18.8, +27 36 03, NL, AM, 18.29, 0.069000, 620.03, 105.25, 148.08
J1359-3752, 13 59 17.5, -37 52 42, DN, SU,  nan, 0.069000, nan, nan, nan
J1554+3650, 15 54 30.6, +36 50 42, DN, SU, 19.18, 0.069000, 3027.96, 1970.24, 4689.45
J2149-1219, 21 49 34.2, -12 19 08, DN, SU, 19.72, 0.069000, 1571.60, 990.17, 4101.48
J2206+3014, 22 06 41.1, +30 14 36, DN, SU,  nan, 0.069000, nan, nan, nan
J2313+2337, 23 13 08.1, +23 37 02, DN, SU,  nan, 0.069000, nan, nan, nan
J1509+4650, 15 09 03.7, +46 50 57, NL,   ,  nan, 0.068500, nan, nan, nan
J1715+6856, 17 15 41.8, +68 56 43, DN, SU, 16.87, 0.068330, 261.67, 10.78, 11.61
V458 Vul, 19 54 24.6, +20 52 52, CV, GC,  nan, 0.068170, nan, nan, nan
J0446-7122, 04 46 50.0, -71 22 56, Na,   , 18.10, 0.068126, 4838.73, 2153.48, 4564.84
J2243+0809, 22 43 48.5, +08 09 27, DN, SU, 18.67, 0.068106, 349.77, 33.28, 42.35
J0558+0006, 05 58 42.8, +00 06 26, DN, SU, 18.74, 0.068100, 427.31, 82.60, 134.42
J0632-5638, 06 32 27.7, -56 38 53, DN, SU, 16.82, 0.068000, 371.12, 23.85, 28.10
J1117+7651, 11 17 59.7, +76 51 31, DN, SU, 19.56, 0.068000, 683.64, 186.47, 457.20
J1612-1509, 16 12 21.3, -15 09 39, DN, SU,  nan, 0.068000, nan, nan, nan
J1810-5349, 18 10 33.8, -53 49 46, DN, SU,  nan, 0.068000, nan, nan, nan
J1653-4144, 16 53 34.4, -41 44 23, CV,   , 11.65, 0.067670, 2021.50, 546.93, 1007.06
J1152+4049, 11 52 07.0, +40 49 48, NL, AM,  nan, 0.067650, nan, nan, nan
J0506+3547, 05 06 17.4, +35 47 39, DN, SU, 20.65, 0.067500, 2638.02, 2087.80, 4533.61
J2154+1557, 21 54 27.2, +15 57 13, DN, SU, 20.57, 0.067300, 3557.27, 2483.26, 4808.91
V1324 Sco, 17 50 53.9, -32 37 20, DN, SU,  nan, 0.067000, nan, nan, nan
J1026+4754, 10 26 37.0, +47 54 27, Nb,   ,  nan, 0.067000, nan, nan, nan
J1409-2917, 14 09 32.1, -26 17 04, DN, SU, 18.20, 0.067000, 718.84, 114.79, 174.46
J1628+0653, 16 28 06.2, +06 53 15, DN, SU,  nan, 0.067000, nan, nan, nan
J1925+6851, 19 25 14.5, +68 51 22, DN, SU, 20.60, 0.067000, 3255.26, 2302.34, 4655.35
J2035+0920, 20 35 09.8, +09 20 47, DN, SU, 18.77, 0.067000, 448.98, 58.66, 74.56
J2253+3330, 22 53 50.5, +33 30 33, DN, SU, 19.64, 0.067000, 3960.35, 2353.99, 4843.71
J0950-0639, 09 50 18.1, -06 39 22, NL, AM, 17.97, 0.066855, 273.50, 15.48, 17.72
J0333+3320, 03 33 52.8, +33 20 45, DN, NS, 18.81, 0.066800, 385.68, 34.50, 42.09
J2158+2419, 21 58 18.5, +24 19 24, NL, LI, 20.16, 0.066280, 2467.26, 1750.70, 4656.60
J0431-0314, 04 31 12.4, -03 14 52, DN, SU, 20.11, 0.066070, 1070.53, 666.19, 4511.21
J0416+2928, 04 16 36.9, +29 28 06, DN, SU, 20.16, 0.066000, 3513.22, 2248.01, 4620.41
J0443-2108, 04 43 45.4, -21 08 34, DN, SU,  nan, 0.066000, nan, nan, nan
J0553-4806, 05 53 30.4, -48 06 23, DN, SU,  nan, 0.066000, nan, nan, nan
J0647+4915, 06 47 25.7, +49 15 43, DN, SU,  nan, 0.066000, nan, nan, nan
J0746-0746, 07 46 35.1, -07 46 33, DN, SU, 17.37, 0.066000, 269.67, 16.75, 19.17
J1015+8124, 10 15 10.8, +81 24 19, DN, SU, 18.65, 0.066000, 1186.09, 421.29, 1341.93
J1436-3604, 14 36 15.5, -36 04 17, DN, SU, 18.68, 0.066000, 497.90, 100.43, 173.08
J1642-2313, 16 42 13.2, -23 13 13, DN, SU,  nan, 0.066000, nan, nan, nan
J2218+6542, 22 18 11.0, +65 42 20, DN, SU, 17.44, 0.066000, 391.16, 35.39, 42.35
J2304+0625, 23 04 25.9, +06 25 46, DN, SU, 19.61, 0.066000, 395.73, 74.81, 128.76
J0116+0922, 01 16 13.8, +09 22 16, DN, SU,  nan, 0.066000, nan, nan, nan
V2362 Cyg, 21 11 32.3, +44 48 04, DN, SU, 18.32, 0.065800, 389.55, 50.86, 70.53
J0945-1944, 09 45 51.0, -19 44 01, Na,   , 20.07, 0.065770, -0.86, 0.01, 0.01
J1725-6438, 17 25 54.8, -64 38 39, DN, SU, 16.85, 0.065769, 183.16, 6.05, 6.73
J0426+3541, 04 26 09.3, +35 41 45, DN,   , 19.49, 0.065550, 799.30, 341.77, 2333.81
J0438+0040, 04 38 29.1, +00 40 17, DN, SU, 16.21, 0.065502, 187.77, 3.86, 4.42
J1524+2209, 15 24 19.3, +22 09 20, DN, SU, 20.58, 0.065350, 3583.89, 2349.25, 4826.18
J0912-0349, 09 12 46.0, -03 49 16, DN, SU, 20.19, 0.065300, 3262.50, 2281.61, 4660.95
J0411-0907, 04 11 33.6, -09 07 29, DN, SU, 20.01, 0.065000, 2356.41, 1700.73, 4821.68
J0648+4147, 06 48 04.5, +41 47 02, DN, SU, 18.99, 0.065000, 1201.57, 465.80, 1629.95
J1055+5731, 10 55 45.2, +57 31 10, DN, SU,  nan, 0.065000, nan, nan, nan
J1259+2426, 12 59 05.8, +24 26 33, DN, SU,  nan, 0.065000, nan, nan, nan
J1743+2311, 17 43 05.7, +23 11 08, DN, SU,  nan, 0.065000, nan, nan, nan
J1752+5001, 17 52 19.1, +50 01 16, DN, SU, 20.18, 0.065000, 3749.13, 2224.89, 4642.81
J2319+3647, 23 19 36.1, +36 47 00, DN, SU,  nan, 0.065000, nan, nan, nan
J0232-3717, 02 32 38.0, -37 17 55, DN, SU, 17.93, 0.064900, 252.03, 13.09, 15.61
HW Boo, 13 43 23.2, +15 09 17, NL, AM, 17.34, 0.064455, 285.98, 13.86, 15.56
J0935+1619, 09 35 37.5, +16 19 51, DN,   , 17.56, 0.064350, 402.82, 38.50, 50.45
J0127-5817, 01 27 54.5, -58 17 17, CV, NL, 18.75, 0.064059, 3290.98, 1905.25, 4076.39
J0507+1253, 05 07 16.2, +12 53 15, DN, SU, 20.51, 0.064000, 2820.37, 1995.99, 4564.28
J1127-2822, 11 27 26.0, -28 22 12, DN, SU, 20.30, 0.064000, 3149.62, 2534.74, 4716.14
J1442-2250, 14 42 52.0, -22 50 39, DN, SU,  nan, 0.064000, nan, nan, nan
J1604+1456, 16 04 10.6, +14 56 19, DN, SU,  nan, 0.064000, nan, nan, nan
J1703+6607, 17 03 43.0, +66 07 45, DN, SU,  nan, 0.064000, nan, nan, nan
J2144+2220, 21 44 26.4, +22 20 25, DN, SU, 17.44, 0.064000, 5566.18, 2117.33, 4149.07
J0945+2922, 09 45 58.2, +29 22 53, DN, SU, 17.13, 0.064000, 1072.15, 218.03, 366.72
J1944-4202, 19 44 27.8, -42 02 09, NL,   , 19.06, 0.063900, 552.44, 173.61, 526.57
J1817-2508, 18 17 22.2, -25 08 43, NL, AM, 19.93, 0.063850, 622.63, 262.01, 1908.54
J1312+1736, 13 12 23.5, +17 37 00, NL, IP, 16.91, 0.063800, -13.08, 0.02, 0.01
QZ Aqr, 21 31 22.4, -00 39 37, DN, SU, 18.88, 0.063300, 190.20, 17.90, 22.28
J1321+5609, 13 21 04.0, +56 09 58, DN, SU, 16.26, 0.063275, 5624.34, 1744.30, 3283.37
J1440+4947, 14 40 11.0, +49 47 34, NL, AM, 17.24, 0.063235, 832.88, 73.92, 96.91
J0248+5012, 02 48 48.1, +50 12 39, DN, SU, 16.86, 0.063090, 138.47, 4.10, 4.51
J0600+1426, 06 00 10.0, +14 26 13, DN, SU,  nan, 0.063000, nan, nan, nan
J0729+5938, 07 29 48.6, +59 38 25, DN, SU, 20.01, 0.063000, 2660.41, 1937.94, 4606.27
J0734+2713, 07 34 18.7, +27 13 09, DN, SU, 19.00, 0.063000, 450.08, 132.77, 367.94
J1400+5723, 14 00 38.0, +57 23 41, DN, SU, 19.75, 0.063000, -2.68, 0.01, 0.01
J1411+2620, 14 11 43.5, +26 20 52, DN, SU, 18.88, 0.063000, 602.06, 131.30, 233.20
J1519-2440, 15 19 29.6, -24 40 01, DN, SU,  nan, 0.063000, nan, nan, nan
J0333-4451, 03 33 20.6, -44 51 42, DN, SU, 18.44, 0.062880, 4507.59, 2033.27, 3956.30
J1057+2759, 10 57 54.2, +27 59 48, DN,   , 17.82, 0.062860, 569.09, 51.43, 63.00
J1631+1031, 16 31 20.9, +10 31 34, DN, SU, 18.21, 0.062700, 528.15, 85.36, 135.29
J1300+1151, 13 00 30.3, +11 51 01, DN, SU, 18.52, 0.062700, 501.00, 42.67, 52.48
J0257+3337, 02 57 37.7, +33 37 51, NL, AM, 17.26, 0.062557, 161.91, 3.39, 3.48
SY Cap, 20 29 47.5, -15 54 38, DN, SU, 16.32, 0.062501, 157.27, 2.55, 2.63
J1325+2100, 13 25 36.1, +21 00 37, NL, AM, 18.63, 0.062363, 315.49, 43.53, 62.36
J0301+4011, 03 01 28.8, +40 11 05, DN, SU, 19.85, 0.062000, 2030.88, 1226.06, 4082.64
J0754+3132, 07 54 14.5, +31 32 16, DN, SU,  nan, 0.062000, nan, nan, nan
J1107-6108, 11 07 20.6, -61 08 33, DN, SU, 19.78, 0.062000, 2570.61, 1800.19, 4606.94
J1202-4541, 12 02 51.6, -45 41 16, DN, SU, 15.52, 0.062000, 3172.10, 471.17, 630.94
J1239-4716, 12 39 56.2, -47 16 24, DN, SU, 18.99, 0.062000, 468.98, 73.89, 113.27
J1917-5657, 19 17 56.8, -56 57 58, DN, SU, 19.47, 0.062000, 458.72, 113.39, 208.48
J2032+0305, 20 32 37.5, +03 05 25, DN, SU,  nan, 0.062000, nan, nan, nan
J2120+1941, 21 20 25.2, +19 41 57, DN, SU,  nan, 0.062000, nan, nan, nan
J1832-1001, 18 32 51.6, -10 01 05, NL, AM, 19.15, 0.061832, 218.01, 17.57, 21.68
J1514+0744, 15 14 15.7, +07 44 47, DN, SU, 19.01, 0.061650, 361.47, 54.59, 74.04
V379 Vir, 12 12 09.3, +01 36 28, DN, SU, 17.72, 0.061430, 623.51, 93.07, 122.10
J0332+0204, 03 32 31.9, +02 04 39, Na, SH, 15.06, 0.061264, 813.44, 21.80, 23.95
J1537-2440, 15 37 56.9, -24 40 14, DN, SU, 19.25, 0.061159, 348.00, 51.18, 73.93
J0141+0908, 01 41 50.4, +09 08 22, DN, SU,  nan, 0.061010, nan, nan, nan
J0157+5110, 01 57 46.1, +51 10 24, DN, SU, 20.05, 0.061000, 3171.50, 2255.45, 4862.54
J0243-1603, 02 43 54.1, -16 03 14, DN, SU, 20.12, 0.061000, 3342.73, 2408.54, 4841.38
J0439+4242, 04 39 15.5, +42 42 33, DN, SU, 20.34, 0.061000, 698.81, 369.80, 3530.85
J0449+3605, 04 49 32.3, +36 05 14, DN, SU,  nan, 0.061000, nan, nan, nan
J0506-1659, 05 06 59.2, -16 59 32, DN, SU,  nan, 0.061000, nan, nan, nan
J0559-5125, 05 59 24.1, -51 25 22, DN, SU, 18.66, 0.061000, 599.54, 115.41, 181.28
J0643+7410, 06 43 35.1, +74 10 15, DN, SU,  nan, 0.061000, nan, nan, nan
J0907-1042, 09 07 05.4, -10 42 45, DN, SU, 20.73, 0.061000, 3496.15, 2411.35, 4822.17
J1015+0333, 10 15 45.5, +03 33 13, DN, SU,  nan, 0.061000, nan, nan, nan
J1038-3654, 10 38 59.9, -36 54 42, DN, SU, 17.78, 0.061000, 2062.24, 780.63, 2104.83
J1623+6500, 16 23 14.4, +65 00 38, DN, SU,  nan, 0.061000, nan, nan, nan
J1822+3249, 18 22 01.9, +32 49 08, DN, SU,  nan, 0.061000, nan, nan, nan
J2009-6326, 20 09 24.1, -63 26 23, DN, SU,  nan, 0.061000, nan, nan, nan
J2031+5119, 20 31 55.1, +51 19 39, DN, SU, 20.42, 0.061000, 2670.52, 2096.69, 4732.35
J1751-2936, 17 51 19.4, -29 36 59, DN, SU, 19.99, 0.060900, 316.11, 82.85, 179.71
J2037+5522, 20 37 49.3, +55 22 10, NL, AM, 17.46, 0.060900, 5821.45, 2397.62, 4798.61
J1853-0128, 18 53 30.7, -01 28 16, DN, SU, 18.89, 0.060600, 622.38, 115.23, 185.94
J0813-0103, 08 13 18.5, -01 03 28, DN, SU, 18.85, 0.060350, 3989.64, 2027.61, 4562.57
KK Cnc, 08 07 14.3, +11 38 13, DN, SU,  nan, 0.060000, nan, nan, nan
J0019+4649, 00 19 52.3, +46 49 33, DN, SU,  nan, 0.060000, nan, nan, nan
J0139+3538, 01 39 35.6, +35 38 41, DN, SU,  nan, 0.060000, nan, nan, nan
J0640+4421, 06 40 21.1, +44 21 28, DN, SU,  nan, 0.060000, nan, nan, nan
J0646+4033, 06 46 08.2, +40 33 05, DN, SU,  nan, 0.060000, nan, nan, nan
J0911-7756, 09 11 51.8, -77 56 34, DN, SU,  nan, 0.060000, nan, nan, nan
J1036-6337, 10 36 19.8, -63 37 33, DN, SU, 20.58, 0.060000, 3131.98, 2113.63, 5115.30
J1051+6725, 10 51 22.9, +67 25 29, DN, SU, 17.86, 0.060000, 2683.96, 913.27, 2132.94
J1405-1902, 14 05 22.9, -19 02 09, DN, SU, 18.65, 0.060000, 1173.92, 326.88, 736.87
J1649+1402, 16 49 25.4, +14 02 44, DN, SU,  nan, 0.060000, nan, nan, nan
J1720+1838, 17 20 38.7, +18 38 02, DN, SU, 20.85, 0.060000, -1.09, 0.01, 0.01
J1734+4342, 17 34 32.5, +43 42 19, DN, SU, 20.09, 0.060000, 3445.89, 2268.63, 4620.90
J1953+1859, 19 53 27.2, +18 59 13, DN, SU,  nan, 0.060000, nan, nan, nan
J2210+3046, 22 10 25.2, +30 46 06, DN, SU, 19.57, 0.060000, 830.58, 305.73, 1266.49
J2247-3622, 22 47 39.7, -36 22 53, DN, SU, 20.39, 0.060000, 257.50, 65.96, 139.41
J1250+1549, 12 50 44.4, +15 49 58, DN, SU, 19.65, 0.060000, 353.15, 88.27, 174.36
J1743+5203, 17 43 48.6, +52 03 46, NL, AM, 18.22, 0.059950, 128.75, 4.79, 5.05
J1703+0908, 17 03 43.6, +09 08 35, DN, SU, 17.04, 0.059900, 191.51, 5.10, 5.21
J0826-0007, 08 26 54.7, -00 07 33, NL, IP, 15.52, 0.059793, 208.90, 4.00, 4.00
J2112+2421, 21 12 58.7, +24 21 46, DN, SU, 19.62, 0.059760, 988.44, 573.16, 3952.46
DY CMi, 07 47 27.6, +06 50 50, NL, IP, 16.70, 0.059712, 371.44, 12.97, 15.32
J1404-1027, 14 04 54.0, -10 27 02, DN, SU, 15.70, 0.059581, 550.19, 32.89, 36.75
J1714-2943, 17 14 42.6, -29 43 45, DN, SU, 19.48, 0.059579, 1693.09, 1049.78, 4365.33
V498 Hya, 08 45 55.1, +03 39 30, DN, SU, 20.46, 0.059400, 2910.99, 2178.93, 4739.55
J1751-2937, 17 51 23.5, -29 37 55, DN, SU, 20.83, 0.059400, 3211.03, 2670.93, 5000.16
J1044+2113, 10 44 11.4, +21 13 07, DN, SU, 20.20, 0.059300, -1.28, 0.02, 0.02
J0557-3630, 05 57 21.8, -36 30 56, DN, SU, 17.81, 0.059005, 146.07, 5.47, 5.37
J1324-1951, 13 24 39.9, -19 51 29, DN, SU, 19.67, 0.059000, 629.96, 172.71, 447.63
J1340-3505, 13 40 15.0, -35 05 12, DN, SU,  nan, 0.059000, nan, nan, nan
J1853+5945, 18 53 09.6, +59 45 07, DN,   , 18.46, 0.059000, 689.03, 136.76, 228.76
J2003-3928, 20 03 59.6, -39 28 31, DN, SU, 18.49, 0.059000, 676.19, 100.59, 141.71
J2052-0239, 20 52 52.7, -02 39 53, DN, SU, 19.70, 0.059000, 482.43, 139.01, 345.50
J0755+1435, 07 55 07.7, +14 35 48, DN, SU, 19.38, 0.058900, 2807.96, 1585.51, 4244.32
J2003-2849, 20 03 31.3, -28 49 41, DN, SU, 18.59, 0.058736, 477.05, 51.68, 70.24
J2109+1348, 21 09 50.4, +13 48 40, DN,   , 19.56, 0.058680, 357.84, 81.03, 156.67
J1729+0054, 17 29 29.5, +00 54 04, DN, SU, 18.42, 0.058650, 219.82, 21.90, 26.26
J0137+2203, 01 37 41.1, +22 03 12, DN, SU, 16.88, 0.058567, 204.87, 10.20, 10.59
J0752+5305, 07 52 55.0, +53 05 31, DN, SU,  nan, 0.058540, nan, nan, nan
J0921+2038, 09 21 22.8, +20 38 57, DN, SU,  nan, 0.058510, nan, nan, nan
J1112-3538, 11 12 17.4, -35 38 29, NL, AM, 18.00, 0.058500, 421.20, 24.84, 29.07
J1735+1547, 17 35 16.9, +15 47 08, DN, SU, 15.22, 0.058400, 738.85, 69.31, 86.86
J2230-1458, 22 30 03.0, -14 58 35, DN, SU, 17.49, 0.058300, 1119.13, 172.61, 245.09
J2154+2641, 21 54 57.7, +26 41 13, DN, SU,  nan, 0.058300, nan, nan, nan
J1706+1434, 17 06 09.7, +14 34 52, DN, SU, 18.14, 0.058261, 265.03, 16.98, 20.02
J1955+0045, 19 55 12.5, +00 45 37, DN, ZZ, 19.04, 0.058100, 248.00, 32.76, 44.62
IL Leo, 10 31 00.6, +20 28 32, DN, SU, 18.24, 0.058000, 351.02, 31.71, 38.17
J0732+0641, 07 32 08.1, +06 41 50, Na,   ,  nan, 0.058000, nan, nan, nan
J1723+3304, 17 23 26.0, +33 04 14, DN, SU,  nan, 0.058000, nan, nan, nan
J2036-1311, 20 36 44.2, -13 11 56, DN, SU,  nan, 0.058000, nan, nan, nan
J0627+3952, 06 27 03.8, +39 52 49, DN, SU, 20.14, 0.058000, 2424.07, 1658.41, 4706.53
J2100-0242, 21 00 16.0, -02 42 58, DN, SU, 20.10, 0.057870, 2651.20, 1953.27, 4742.99
J1759+2520, 17 59 24.1, +25 20 32, DN, SU, 18.70, 0.057590, 371.74, 46.29, 61.49
J0234-0454, 02 34 27.7, -04 54 31, DN, SU, 20.14, 0.057520, 2880.62, 2009.31, 4705.30
J2338-2049, 23 38 22.5, -20 49 52, DN, SU, 20.85, 0.057300, 3706.62, 2573.47, 5091.00
J0120+3255, 01 20 59.6, +32 55 45, DN, ZZ, 19.88, 0.057170, 407.81, 121.83, 307.11
J1915+0719, 19 15 02.1, +07 19 48, DN, SU, 19.14, 0.057069, 374.37, 79.77, 131.42
J0636-3114, 06 36 17.4, -31 14 43, DN, BD, 18.82, 0.057007, 212.94, 22.18, 26.42
J0738-8250, 07 38 19.4, -82 50 40, DN, SU, 19.89, 0.057000, 916.45, 389.25, 2174.16
J0751+3006, 07 51 07.5, +30 06 28, DN, SU, 19.57, 0.057000, 507.78, 126.09, 252.28
J0811+1520, 08 11 17.1, +15 20 03, DN, SU, 19.73, 0.057000, 3208.48, 2068.31, 4633.91
J0811+6600, 08 11 10.4, +66 00 10, DN, SU,  nan, 0.057000, nan, nan, nan
J0948+0149, 09 48 54.0, +01 49 11, DN, SU,  nan, 0.057000, nan, nan, nan
J1058+0547, 10 58 35.1, +05 47 06, DN, SU,  nan, 0.057000, nan, nan, nan
J1616+1151, 16 16 18.7, +11 51 05, DN, SU, 20.62, 0.057000, 2977.31, 2231.51, 4727.35
J2037-3012, 20 37 06.8, -30 12 22, DN, SU, 20.75, 0.057000, -1.09, 0.01, 0.02
J2155+2741, 21 55 12.7, +27 41 19, DN, SU,  nan, 0.057000, nan, nan, nan
J1610+0907, 16 10 27.6, +09 07 38, DN, SU, 20.42, 0.057000, 3386.97, 2149.35, 4895.28
J1819+3613, 18 19 53.8, +36 13 56, DN, SU, 19.26, 0.056841, 354.86, 52.37, 70.15
J1605+2030, 16 05 01.4, +20 30 57, DN, SU,  nan, 0.056700, nan, nan, nan
J2313+16, 23 13 00.0, +16 00 00, DN, SU, 19.82, 0.056700, 379.27, 104.34, 260.50
J1532-2833, 15 32 00.4, -28 33 57, DN, ZZ, 18.56, 0.056630, 308.31, 35.07, 46.76
J1751-2942, 17 51 47.4, -29 42 15, DN, SU, 19.73, 0.056630, 1596.38, 1146.29, 4361.38
J0902+0525, 09 02 39.7, +05 25 01, DN, SU, 17.53, 0.056540, 153.89, 4.98, 5.33
V466 And, 02 00 25.4, +44 10 19, DN, SU, 20.75, 0.056500, 114.10, 29.35, 61.72
J0309+2638, 03 09 29.8, +26 38 04, DN, SU, 15.53, 0.056200, 164.36, 1.91, 2.04
J0057+4431, 00 57 41.0, +44 31 02, DN, SU, 18.65, 0.056200, 249.77, 25.92, 31.07
J0132-1043, 01 32 02.7, -10 43 57, DN, SU, 19.23, 0.056000, -70.99, 0.01, 0.01
J0206+2057, 02 06 33.4, +20 57 08, DN, SU, 20.53, 0.056000, 3146.71, 2284.19, 4913.95
J0558+3915, 05 58 45.5, +39 15 33, DN, SU, 18.25, 0.056000, 516.49, 83.42, 125.70
J0611+4041, 06 11 28.0, +40 41 09, DN, SU, 18.75, 0.056000, 592.46, 116.63, 191.63
J0619+1926, 06 19 59.9, +19 26 59, DN, SU,  nan, 0.056000, nan, nan, nan
J1105-4257, 11 05 49.4, -42 57 30, DN, SU,  nan, 0.056000, nan, nan, nan
J2051-0358, 20 51 46.2, -03 58 27, DN, SU,  nan, 0.056000, nan, nan, nan
J2247+2504, 22 47 36.4, +25 04 36, DN, SU, 20.23, 0.056000, 3714.61, 2524.44, 4961.96
J2351-3027, 23 51 23.9, -30 27 25, DN, SU,  nan, 0.056000, nan, nan, nan
J0947+0610, 09 47 59.8, +06 10 44, DN, SU, 17.72, 0.055900, 169.50, 7.15, 7.67
J1212+0416, 12 12 40.4, +04 16 56, DN, SU,  nan, 0.055700, nan, nan, nan
J0613+3957, 06 13 35.3, +39 57 15, NL, AM, 15.84, 0.055600, 323.42, 5.44, 5.64
V500 And, 00 42 26.5, +42 15 37, DN, SU,  nan, 0.055600, nan, nan, nan
IK Leo, 10 21 46.4, +23 49 26, DN, SU,  nan, 0.055500, nan, nan, nan
J1731+2754, 17 31 25.4, +27 54 29, NL, AM, 18.22, 0.055471, 265.98, 19.46, 22.24
J0606-6039, 06 06 02.6, -60 39 03, DN, SU, 20.38, 0.055400, 2911.06, 1982.27, 4762.25
J0011+0451, 00 11 33.7, +04 51 23, DN, SU, 18.37, 0.055351, 284.34, 28.70, 33.65
J0019+4339, 00 19 52.2, +43 39 01, N?, DN,  nan, 0.055000, nan, nan, nan
J0447-3656, 04 47 23.3, -36 56 02, DN, SU,  nan, 0.055000, nan, nan, nan
J0514+6711, 05 14 15.6, +67 11 20, DN, SU,  nan, 0.055000, nan, nan, nan
J0656+7444, 06 56 08.3, +74 44 55, DN, SU,  nan, 0.055000, nan, nan, nan
J0858-2740, 08 58 54.2, -27 40 31, DN, SU,  nan, 0.055000, nan, nan, nan
J1100-1156, 11 00 38.1, -11 56 47, DN, SU, 19.09, 0.055000, 552.03, 132.82, 287.52
J1800+5256, 18 00 05.9, +52 56 33, DN, SU,  nan, 0.055000, nan, nan, nan
J1845+4831, 18 45 42.6, +48 31 31, DN, SU, 20.92, 0.055000, -6.55, 0.02, 0.02
J1751-2938, 17 51 18.8, -29 38 11, DN, SU,  nan, 0.054870, nan, nan, nan
J2305-0225, 23 05 23.3, -02 25 49, DN, SU, 17.49, 0.054643, 293.88, 13.03, 14.45
J2138+2619, 21 38 06.6, +26 19 57, DN, SU, 17.75, 0.054570, 693.41, 57.37, 66.15
J1853+4203, 18 53 28.8, +42 03 44, DN, SU, 16.26, 0.054323, 94.40, 1.37, 1.48
J1433+1011, 14 33 17.8, +10 11 23, DN, SU, 18.70, 0.054300, 288.46, 22.85, 28.00
J1126+0846, 11 26 19.4, +08 46 51, DN,   , 18.59, 0.054241, 226.52, 15.69, 19.91
J0221+7322, 02 21 02.8, +73 22 45, NL, AM, 20.19, 0.054049, 2556.64, 1809.08, 4583.11
J0413+0945, 04 13 50.0, +09 45 15, DN, SU, 19.90, 0.054000, 382.31, 82.08, 154.88
J0500-3207, 05 00 30.0, -32 07 36, DN, SU,  nan, 0.054000, nan, nan, nan
J1435+2336, 14 35 44.0, +23 36 39, DN, SU,  nan, 0.054000, nan, nan, nan
J1605+2405, 16 05 48.0, +24 05 31, DN, SU, 16.49, 0.053320, 112.75, 1.67, 1.77
J2141+0507, 21 41 40.4, +05 07 30, DN, SU, 19.26, 0.053000, 404.32, 66.49, 97.78
PHL 1445, 02 42 42.9, -11 46 45, DN,   , 19.06, 0.053000, 267.05, 47.23, 75.51
J0557+6832, 05 57 18.5, +68 32 27, DN, BD, 17.52, 0.052985, 245.80, 12.06, 14.22
J1944+4912, 19 44 19.3, +49 12 57, DN, SU, 18.29, 0.052900, 710.92, 114.80, 163.74
CT Tri, 02 38 39.1, +35 56 49, DN, SU, 20.53, 0.052816, 3617.25, 2367.57, 4649.62
V1265 Tau, 03 29 12.3, +12 50 18, DN, SU,  nan, 0.052810, nan, nan, nan
J2327+0855, 23 27 27.2, +08 55 39, DN, SU,  nan, 0.052800, nan, nan, nan
J0811-1227, 08 11 50.6, -12 27 51, DN, SU,  nan, 0.052770, nan, nan, nan
J1122-1110, 11 22 53.3, -11 10 38, DN, ZZ, 18.23, 0.046258, 212.21, 10.08, 10.91
J1740+4147, 17 40 33.5, +41 47 56, AC, NL,  nan, 0.045190, nan, nan, nan
J2333-1557, 23 33 13.0, -15 57 44, DN, SU, 20.19, 0.044000, 3654.71, 2284.34, 4594.93
J1137+4054, 11 37 32.3, +40 54 58, DN, SU, 19.83, 0.042830, 3968.61, 2438.79, 4962.06
J1940+4632, 19 40 16.2, +46 32 48, DN, SU, 17.81, 0.040995, 334.01, 47.10, 64.40
1108+5728, 11 11 26.8, +57 12 39, AC, NL, 20.52, 0.039078, 692.65, 323.24, 2805.50
J1642+1934, 16 42 28.1, +19 34 10, DN, SU, 18.93, 0.038449, 590.22, 63.23, 91.02
J1208+3550, 12 08 42.0, +35 50 25, AC, NL, 20.40, 0.038000, 3625.90, 2367.67, 5115.99
J1028-0819, 10 28 42.9, -08 19 27, AC, NL, 18.87, 0.036800, 206.60, 25.86, 33.52
J1505+0659, 15 05 51.6, +06 59 49, DN, SU, 19.36, 0.036200, 829.10, 243.49, 694.98
J1611+6308, 16 11 34.0, +63 08 32, AC, NL, 19.12, 0.035000, 162.21, 17.45, 22.85
J0902+3819, 09 02 21.4, +38 19 42, NL, AM, 17.39, 0.033600, 324.79, 20.11, 22.48
J0450-0931, 04 50 19.8, -09 31 13, AC, DN, 20.16, 0.033550, 2007.25, 1533.33, 4612.33
J0437+3702, 04 37 58.8, +37 02 59, AC, NL,  nan, 0.032339, nan, nan, nan
J2348+2502, 23 48 43.2, +25 02 50, AC, NL, 19.59, 0.032000, 451.04, 85.28, 139.89
J0804+1616, 08 04 49.5, +16 16 25, AC, DN, 20.20, 0.032000, 1507.11, 1123.43, 4813.49
J1525+3600, 15 25 09.6, +36 00 55, AC, NL, 18.36, 0.030900, 934.90, 234.88, 533.73
J0713+2055, 07 13 27.3, +20 55 54, AC, NL, 19.67, 0.030800, 567.19, 118.15, 214.57
J0255-4750, 02 55 33.3, -47 50 42, AC, DN, 18.01, 0.028139, 247.04, 11.61, 12.66
J1721+2733, 17 21 02.5, +27 33 01, AC, DN, 16.40, 0.027808, 255.14, 5.38, 5.53
J1730+5545, 17 30 47.6, +55 45 19, AC, DN, 20.47, 0.025390, 3386.86, 2443.71, 4992.01
J0435+0029, 04 35 17.7, +00 29 41, AC, DN, 20.09, 0.024400, 1885.33, 1036.24, 4053.79
J0943+1029, 09 43 29.6, +10 29 58, AC, DN, 20.29, 0.023470, 2513.27, 1913.13, 4814.73
J1538-3035, 15 38 38.2, -30 35 49, AC, DN,  nan, 0.021000, nan, nan, nan
J0208+3732, 02 08 04.2, +37 32 17, AC, DN, 19.30, 0.019661, 1204.21, 692.39, 4066.97
J0719+4858, 07 19 12.1, +48 58 35, AC, DN, 17.82, 0.019300, 453.55, 48.43, 60.44
J2139-5959, 21 39 48.2, -59 59 32, AC, DN,  nan, 0.017029, nan, nan, nan
J1919+4815, 19 19 05.2, +48 15 06, AC, DN, 16.69, 0.016000, 1065.46, 159.21, 212.59
J1908+3940, 19 08 17.1, +39 40 36, AC, NL, 14.08, 0.011907, 298.60, 6.65, 6.63
J0043+4117, 00 43 19.8, +41 17 58, AC, NL,  nan, 0.003721, nan, nan, nan
J0614+1704, 06 14 12.3, +17 04 33, NL, IP, 19.33, 0.000000, 1343.91, 977.87, 4597.41
J1740-3014, 17 40 35.6, -30 14 16, NL, IP, 17.13, 0.000000, 1762.77, 399.87, 708.29
J1748-2807, 17 48 16.9, -28 07 50, NL, IP,  nan, 0.000000, nan, nan, nan
J1803-3000, 18 03 54.5, -30 00 06, NL, IP, 19.01, 0.000000, 3506.47, 1932.61, 4832.08
J1804-2739, 18 04 30.4, -27 39 32, NL, IP,  nan, 0.000000, nan, nan, nan
J1804-1456, 18 04 38.9, -14 56 47, NL, IP, 17.06, 0.000000, 3687.51, 1629.18, 3833.39
J2138+5544, 21 38 50.0, +55 44 05, NL, IP, 19.19, 0.000000, 3899.69, 2173.11, 4414.71
J2224+17, 22 24 00.0, +17 00 00, NL, IP, 18.11, 0.000000, 4276.06, 1870.61, 3856.23
